date,quarter,team,targeted_productivity,smv,wip,over_time,incentive,idle_time,idle_men,no_of_style_change,no_of_workers,actual_productivity,department_sweing,day_Saturday,day_Sunday,day_Thursday,day_Tuesday,day_Wednesday,month
01/01/2015,1,0.3333333333333333,0.5,0.5364173228346457,1108,0.5652173913043478,1.96,0,0,0,0.5208333333333334,0.8371890829666677,True,False,False,True,False,False,1
01/01/2015,1,-0.833333333,0,-0.557086614,,-0.543478261,0,0,0,0,-0.541666667,0.5659879006357846,False,False,False,True,False,False,1
01/01/2015,1,0.8333333333333334,0.5,-0.189468504,968,-0.054347826,1,0,0,0,-0.072916667,0.1362229961380154,True,False,False,True,False,False,1
01/01/2015,1,1,0.5,-0.189468504,968,-0.054347826,1,0,0,0,-0.072916667,0.1362229961380154,True,False,False,True,False,False,1
01/01/2015,1,0,0.5,0.5236220472440944,1170,-0.369565217,1,0,0,0,0.4583333333333333,0.1352799986148217,True,False,False,True,False,False,1
01/01/2015,1,0.16666666666666666,0.5,0.5236220472440944,984,0.5,0.76,0,0,0,0.4583333333333333,0.1339949276747988,True,False,False,True,False,False,1
01/01/2015,1,-0.666666667,0,-0.557086614,,-0.543478261,0,0,0,0,-0.541666667,-0.090858142,False,False,False,True,False,False,1
01/01/2015,1,-0.5,0,0.6309055118110235,795,0.532608696,0.9,0,0,0,0.4895833333333333,-0.098276113,True,False,False,True,False,False,1
01/01/2015,1,-0.666666667,0,0.22687007874015755,733,0.3695652173913043,0.68,0,0,0,0.4375,-0.101206649,True,False,False,True,False,False,1
01/01/2015,1,-0.833333333,0,0.6309055118110235,681,0.532608696,0.9,0,0,0,0.4895833333333333,-0.11455882,True,False,False,True,False,False,1
01/01/2015,1,0.5,-0.5,0.6309055118110235,872,0.532608696,0.88,0,0,0,0.4895833333333333,-0.261103185,True,False,False,True,False,False,1
01/01/2015,1,0.6666666666666666,0,0.1993110236220472,578,0.45652173913043476,0.9,0,0,0,0.4166666666666667,-0.30572392,True,False,False,True,False,False,1
01/01/2015,1,-0.166666667,0.5,-0.189468504,668,-0.054347826,1,0,0,0,-0.072916667,-0.331527692,True,False,False,True,False,False,1
01/01/2015,1,0.6666666666666666,-1,-0.557086614,,-0.543478261,0,0,0,0,-0.541666667,-0.337175409,False,False,False,True,False,False,1
01/01/2015,1,0.3333333333333333,0,-0.608267717,,-0.543478261,0,0,0,0,-0.541666667,-0.48346536,False,False,False,True,False,False,1
01/01/2015,1,-0.333333333,0,-0.557086614,,-0.326086957,0,0,0,0,-0.333333333,-0.901635113,False,False,False,True,False,False,1
01/01/2015,1,0.16666666666666666,0.5,-0.608267717,,-0.543478261,0,0,0,0,-0.541666667,-1.163338526,False,False,False,True,False,False,1
01/01/2015,1,-0.333333333,-1,0.4148622047244095,861,0.5869565217391305,0,0,0,0,0.5416666666666666,-1.261111062,True,False,False,True,False,False,1
01/01/2015,1,0.8333333333333334,-0.5,-0.546751969,,-0.456521739,0,0,0,0,-0.458333333,-1.685495012,False,False,False,True,False,False,1
03/01/2015,1,-0.333333333,0.5,-0.546751969,,0.4782608695652174,0,0,0,0,-0.291666667,1.0737500203930694,False,True,False,False,False,False,1
03/01/2015,1,0.8333333333333334,0,-0.608267717,,0.30434782608695654,0,0,0,0,-0.354166667,1.0730285433649078,False,True,False,False,False,False,1
03/01/2015,1,0.5,0.5,-0.546751969,,-0.543478261,0,0,0,0,-0.541666667,0.9149373602437093,False,True,False,False,False,False,1
03/01/2015,1,-0.5,0,-0.557086614,,-0.434782609,0,0,0,0,-0.541666667,0.8599570706764313,False,True,False,False,False,False,1
03/01/2015,1,-0.833333333,0.5,-0.557086614,,-0.543478261,0,0,0,0,-0.541666667,0.6480936578970351,False,True,False,False,False,False,1
03/01/2015,1,-0.833333333,0.5,0.6309055118110235,772,0.42391304347826086,1,0,0,0,0.46875,0.136997318,True,True,False,False,False,False,1
03/01/2015,1,-0.5,0.5,0.6309055118110235,913,0.4673913043478261,1,0,0,0,0.4270833333333333,0.13498487802033898,True,True,False,False,False,False,1
03/01/2015,1,0.3333333333333333,0.5,0.5364173228346457,1261,0.5652173913043478,1,0,0,0,0.5208333333333334,0.13496341215822635,True,True,False,False,False,False,1
03/01/2015,1,1,0.5,0.5364173228346457,844,0.5652173913043478,1.26,0,0,0,0.5208333333333334,0.13496341215822635,True,True,False,False,False,False,1
03/01/2015,1,0.8333333333333334,0.5,-0.179625984,1005,0.5652173913043478,1,0,0,0,-0.09375,0.13455652104033136,True,True,False,False,False,False,1
03/01/2015,1,-0.166666667,0.5,-0.179625984,659,0.5652173913043478,1,0,0,0,-0.052083333,0.13411320497514712,True,True,False,False,False,False,1
03/01/2015,1,0,0.5,0.5236220472440944,1152,0.5,1,0,0,0,0.4583333333333333,0.1339949276747988,True,True,False,False,False,False,1
03/01/2015,1,0.16666666666666666,0.5,0.5236220472440944,1138,0.5,0.76,0,0,0,0.4583333333333333,0.1339949276747988,True,True,False,False,False,False,1
03/01/2015,1,0.6666666666666666,0,0.1993110236220472,610,0.45652173913043476,1.12,0,0,0,0.4166666666666667,0.069850866,True,True,False,False,False,False,1
03/01/2015,1,-0.666666667,0.5,-0.546751969,,-0.543478261,0,0,0,0,-0.541666667,0.045585369,False,True,False,False,False,False,1
03/01/2015,1,-0.666666667,0,0.22687007874015755,944,0.4782608695652174,0.9,0,0,0,0.4375,-0.115483052,True,True,False,False,False,False,1
03/01/2015,1,0.6666666666666666,-0.5,-0.546751969,,-0.543478261,0,0,0,0,-0.541666667,-0.35770185,False,True,False,False,False,False,1
03/01/2015,1,-0.333333333,-0.5,0.4148622047244095,544,1.7826086956521738,0,0,0,0,0.5416666666666666,-0.366096452,True,True,False,False,False,False,1
03/01/2015,1,0.5,-0.5,0.6309055118110235,1072,0.532608696,0.8,0,0,0,0.4895833333333333,-0.366940788,True,True,False,False,False,False,1
03/01/2015,1,0.3333333333333333,0.5,-0.608267717,,-0.543478261,0,0,0,0,-0.541666667,-0.725198044,False,True,False,False,False,False,1
03/01/2015,1,0.16666666666666666,0.5,-0.557086614,,-0.543478261,0,0,0,0,-0.541666667,-0.740306335,False,True,False,False,False,False,1
04/01/2015,1,-0.5,0,-0.546751969,,-0.434782609,0,0,0,0,-0.541666667,1.0905756052920494,False,False,True,False,False,False,1
04/01/2015,1,0.5,0.5,-0.557086614,,-0.543478261,0,0,0,0,-0.541666667,0.7917787268525165,False,False,True,False,False,False,1
04/01/2015,1,-0.833333333,0.5,-0.557086614,,-0.543478261,0,0,0,0,-0.541666667,0.7096729745926318,False,False,True,False,False,False,1
04/01/2015,1,0,0.5,-0.179625984,539,0.5461956521739131,1,0,0,0,-0.0625,0.5320510428192838,True,False,True,False,False,False,1
04/01/2015,1,-0.333333333,0.5,-0.557086614,,0.4782608695652174,0,0,0,0,-0.291666667,0.4418490595596752,False,False,True,False,False,False,1
04/01/2015,1,0.5,0.5,0.5364173228346457,1278,0.5652173913043478,1.2,0,0,0,0.5208333333333334,0.3862862859218225,True,False,True,False,False,False,1
04/01/2015,1,0.16666666666666666,0.5,0.5236220472440944,1227,0.5543478260869565,1.2,0,0,0,0.46875,0.3856208341936102,True,False,True,False,False,False,1
04/01/2015,1,0.3333333333333333,0.5,0.5236220472440944,1039,0.5108695652173914,0.9,0,0,0,0.46875,0.38516418448714196,True,False,True,False,False,False,1
04/01/2015,1,-0.333333333,0.5,0.6309055118110235,878,0.054347826,1,0,0,0,0.4479166666666667,0.1363608637882919,True,False,True,False,False,False,1
04/01/2015,1,-0.833333333,0.5,0.5364173228346457,1033,0.5652173913043478,1.26,0,0,0,0.5208333333333334,0.13496341215822635,True,False,True,False,False,False,1
04/01/2015,1,-0.666666667,0.5,0.6309055118110235,782,0.4891304347826087,1,0,0,0,0.4479166666666667,0.13455927179153393,True,False,True,False,False,False,1
04/01/2015,1,1,0.5,-0.179625984,1216,0.5461956521739131,1,0,0,0,-0.0625,0.13352079319341367,True,False,True,False,False,False,1
04/01/2015,1,-0.666666667,0.5,-0.557086614,,-0.543478261,0,0,0,0,-0.541666667,0.093879808,False,False,True,False,False,False,1
04/01/2015,1,0.6666666666666666,-0.5,-0.557086614,,0.065217391,0,0,0,0,-0.333333333,-0.070543955,False,False,True,False,False,False,1
04/01/2015,1,0.8333333333333334,0,0.1993110236220472,513,0.45652173913043476,0.9,0,0,0,0.4166666666666667,-0.114955773,True,False,True,False,False,False,1
04/01/2015,1,-0.5,0,0.22687007874015755,734,0.4782608695652174,0.9,0,0,0,0.4375,-0.115483052,True,False,True,False,False,False,1
04/01/2015,1,0.6666666666666666,-0.5,0.6309055118110235,1202,0.532608696,0.8,0,0,0,0.4895833333333333,-0.366940788,True,False,True,False,False,False,1
04/01/2015,1,0.3333333333333333,0.5,-0.608267717,,-0.543478261,0,0,0,0,-0.541666667,-0.453248778,False,False,True,False,False,False,1
04/01/2015,1,0.16666666666666666,0.5,-0.608267717,,-0.543478261,0,0,0,0,-0.541666667,-0.528790237,False,False,True,False,False,False,1
04/01/2015,1,-0.166666667,-0.5,1.4965551181102363,884,0.5434782608695652,0.52,0,0,0,0.5,-0.8497378,True,False,True,False,False,False,1
04/01/2015,1,0.8333333333333334,0,-0.546751969,,-0.543478261,0,0,0,0,-0.541666667,-2.138083889,False,False,True,False,False,False,1
05/01/2015,1,-0.833333333,0.5,-0.557086614,,-0.369565217,0,0,0,0,-0.541666667,0.9388848750705331,False,False,False,False,False,False,1
05/01/2015,1,0.8333333333333334,0.5,-0.557086614,,-0.282608696,0,0,0,0,-0.5,0.8311297532243082,False,False,False,False,False,False,1
05/01/2015,1,-0.333333333,0.5,-0.557086614,,-0.02173913,0,0,0,0,-0.375,0.6018136542908508,False,False,False,False,False,False,1
05/01/2015,1,-0.5,0,-0.546751969,,-0.369565217,0,0,0,0,-0.541666667,0.5104258521959762,False,False,False,False,False,False,1
05/01/2015,1,0.5,0.5,0.5364173228346457,1227,0.5652173913043478,1.5,0,0,0,0.5208333333333334,0.3862862859218225,True,False,False,False,False,False,1
05/01/2015,1,0.5,0.5,-0.608267717,,-0.369565217,0,0,0,0,-0.541666667,0.23756487659214903,False,False,False,False,False,False,1
05/01/2015,1,-0.666666667,0.5,-0.557086614,,-0.543478261,0,0,0,0,-0.541666667,0.15545912433226428,False,False,False,False,False,False,1
05/01/2015,1,0.16666666666666666,0.5,0.5236220472440944,1255,0.5108695652173914,1,0,0,0,0.46875,0.13679252166974318,True,False,False,False,False,False,1
05/01/2015,1,0.3333333333333333,0.5,0.5236220472440944,1047,0.5108695652173914,0.76,0,0,0,0.46875,0.13679252166974318,True,False,False,False,False,False,1
05/01/2015,1,-0.833333333,0.5,0.5364173228346457,1138,0.5652173913043478,1.26,0,0,0,0.5208333333333334,0.13496341215822635,True,False,False,False,False,False,1
05/01/2015,1,0.8333333333333334,0.5,0.1993110236220472,678,0.15217391304347827,1,0,0,0,0.4375,0.13462490971659477,True,False,False,False,False,False,1
05/01/2015,1,0,0.5,-0.179625984,712,0.5869565217391305,1,0,0,0,-0.041666667,0.13460014795440525,True,False,False,False,False,False,1
05/01/2015,1,1,0.5,-0.179625984,1037,0.5869565217391305,1,0,0,0,-0.041666667,0.13460014795440525,True,False,False,False,False,False,1
05/01/2015,1,-0.666666667,0.5,0.6309055118110235,757,0.532608696,1,0,0,0,0.4895833333333333,0.13375247146243197,True,False,False,False,False,False,1
05/01/2015,1,-0.333333333,0.5,0.6309055118110235,759,0.532608696,1,0,0,0,0.4895833333333333,0.13375247146243197,True,False,False,False,False,False,1
05/01/2015,1,0.6666666666666666,0,-0.608267717,,-0.543478261,0,0,0,0,-0.541666667,-0.049805266,False,False,False,False,False,False,1
05/01/2015,1,-0.166666667,-1.5,-0.608267717,,-0.543478261,0,0,0,0,-0.541666667,-0.070331707,False,False,False,False,False,False,1
05/01/2015,1,0.6666666666666666,0,0.6309055118110235,1083,0.5543478260869565,0.9,0,0,0,0.5104166666666666,-0.114697988,True,False,False,False,False,False,1
05/01/2015,1,-0.5,0,0.22687007874015755,944,0.4782608695652174,0.9,0,0,0,0.4375,-0.115483052,True,False,False,False,False,False,1
05/01/2015,1,0.16666666666666666,0.5,-0.557086614,,-0.543478261,0,0,0,0,-0.541666667,-0.48346536,False,False,False,False,False,False,1
05/01/2015,1,0.3333333333333333,0.5,-0.608267717,,-0.543478261,0,0,0,0,-0.541666667,-0.543898533,False,False,False,False,False,False,1
05/01/2015,1,-0.166666667,-1.5,0.33070866141732286,666,0.5434782608695652,0.46,0,0,0,0.5,-0.866759688,True,False,False,False,False,False,1
06/01/2015,1,-0.333333333,0.5,-0.557086614,,0.086956522,0,0,0,0,-0.333333333,0.9675042807440285,False,False,False,False,True,False,1
06/01/2015,1,-0.833333333,0.5,-0.557086614,,-0.456521739,0,0,0,0,-0.541666667,0.8160372466116773,False,False,False,False,True,False,1
06/01/2015,1,-0.5,0,-0.546751969,,-0.391304348,0,0,0,0,-0.5,0.6293385360608132,False,False,False,False,True,False,1
06/01/2015,1,0.8333333333333334,0.5,-0.546751969,,-0.22826087,0,0,0,0,-0.395833333,0.5769252325117471,False,False,False,False,True,False,1
06/01/2015,1,0.5,0.5,-0.557086614,,-0.456521739,0,0,0,0,-0.541666667,0.4241688662756913,False,False,False,False,True,False,1
06/01/2015,1,-0.833333333,0.5,0.5364173228346457,1187,1.2065217391304348,1.5,0,0,0,0.5208333333333334,0.3859502891644679,True,False,False,False,True,False,1
06/01/2015,1,0.5,0.5,0.5364173228346457,1305,1.2065217391304348,1.5,0,0,0,0.5208333333333334,0.3859502891644679,True,False,False,False,True,False,1
06/01/2015,1,0.6666666666666666,0,-0.557086614,,-0.456521739,0,0,0,0,-0.541666667,0.18158368368817834,False,False,False,False,True,False,1
06/01/2015,1,-0.666666667,0.5,-0.557086614,,-0.456521739,0,0,0,0,-0.541666667,0.16292328271927786,False,False,False,False,True,False,1
06/01/2015,1,-0.666666667,0.5,0.6309055118110235,716,1.1576086956521738,1,0,0,0,0.4895833333333333,0.1363428988822557,True,False,False,False,True,False,1
06/01/2015,1,-0.333333333,0.5,0.6309055118110235,925,1.1576086956521738,1,0,0,0,0.4895833333333333,0.1363428988822557,True,False,False,False,True,False,1
06/01/2015,1,-0.5,0.5,0.22687007874015755,963,1.076086956521739,1,0,0,0,0.4375,0.13473927594886906,True,False,False,False,True,False,1
06/01/2015,1,1,0.5,-0.179625984,1101,0.24456521739130435,1,0,0,0,-0.052083333,0.1340747944856262,True,False,False,False,True,False,1
06/01/2015,1,0.16666666666666666,0.5,0.5236220472440944,1035,1.125,0.76,0,0,0,0.46875,0.1340135377570262,True,False,False,False,True,False,1
06/01/2015,1,0.3333333333333333,0.5,0.5236220472440944,1083,1.125,0.76,0,0,0,0.46875,0.1340135377570262,True,False,False,False,True,False,1
06/01/2015,1,0,0.5,-0.179625984,910,0.092391304,0.76,0,0,0,-0.052083333,0.13375271152799134,True,False,False,False,True,False,1
06/01/2015,1,0.6666666666666666,0,0.6309055118110235,1209,1.190217391304348,0.9,0,0,0,0.5104166666666666,-0.113970514,True,False,False,False,True,False,1
06/01/2015,1,0.8333333333333334,0,0.1993110236220472,590,1.076086956521739,0.9,0,0,0,0.4375,-0.1164092,True,False,False,False,True,False,1
06/01/2015,1,0.3333333333333333,0.5,-0.608267717,,-0.456521739,0,0,0,0,-0.541666667,-0.461489663,False,False,False,False,True,False,1
06/01/2015,1,-0.166666667,-1,0.33070866141732286,808,1.173913043478261,0.7,0,0,0,0.5,-0.616918734,True,False,False,False,True,False,1
06/01/2015,1,0.16666666666666666,0.5,-0.608267717,,-0.456521739,0,0,0,0,-0.541666667,-0.785631213,False,False,False,False,True,False,1
07/01/2015,1,-0.833333333,0.5,-0.557086614,,-0.456521739,0,0,0,0,-0.541666667,0.8906788454859143,False,False,False,False,False,True,1
07/01/2015,1,0.5,0.5,-0.557086614,,-0.456521739,0,0,0,0,-0.541666667,0.5361312620863634,False,False,False,False,False,True,1
07/01/2015,1,-0.833333333,0.5,0.5364173228346457,1179,1.2065217391304348,1.5,0,0,0,0.5208333333333334,0.3859502891644679,True,False,False,False,False,True,1
07/01/2015,1,0.5,0.5,0.5364173228346457,1324,1.2065217391304348,1.5,0,0,0,0.5208333333333334,0.3859502891644679,True,False,False,False,False,True,1
07/01/2015,1,0.3333333333333333,0.5,0.5236220472440944,1135,1.125,1.2,0,0,0,0.46875,0.38412206489470224,True,False,False,False,False,True,1
07/01/2015,1,-0.5,0,-0.546751969,,-0.22826087,0,0,0,0,-0.395833333,0.28341073163670266,False,False,False,False,False,True,1
07/01/2015,1,-0.333333333,0.5,-0.557086614,,0.086956522,0,0,0,0,-0.333333333,0.26933960895380954,False,False,False,False,False,True,1
07/01/2015,1,-0.666666667,0.5,-0.557086614,,-0.456521739,0,0,0,0,-0.541666667,0.20024407965571317,False,False,False,False,False,True,1
07/01/2015,1,0.6666666666666666,0,-0.557086614,,-0.456521739,0,0,0,0,-0.541666667,0.16292328271927786,False,False,False,False,False,True,1
07/01/2015,1,0.16666666666666666,0.5,-0.608267717,,-0.456521739,0,0,0,0,-0.541666667,0.15657685457321588,False,False,False,False,False,True,1
07/01/2015,1,-0.666666667,0.5,0.6309055118110235,776,1.1576086956521738,1.26,0,0,0,0.4895833333333333,0.1363428988822557,True,False,False,False,False,True,1
07/01/2015,1,-0.333333333,0.5,0.6309055118110235,990,1.1576086956521738,1,0,0,0,0.4895833333333333,0.1363428988822557,True,False,False,False,False,True,1
07/01/2015,1,0,0.5,-0.189468504,986,0.27717391304347827,1,0,0,0,-0.072916667,0.1350890564704318,True,False,False,False,False,True,1
07/01/2015,1,-0.5,0.5,0.22687007874015755,924,1.076086956521739,1,0,0,0,0.4375,0.13473927594886906,True,False,False,False,False,True,1
07/01/2015,1,1,0.5,-0.179625984,1120,0.30978260869565216,1,0,0,0,-0.052083333,0.1346038589678459,True,False,False,False,False,True,1
07/01/2015,1,0.16666666666666666,0.5,0.5236220472440944,1066,1.125,1,0,0,0,0.46875,0.1340135377570262,True,False,False,False,False,True,1
07/01/2015,1,0.6666666666666666,0,0.6309055118110235,1144,1.190217391304348,1.38,0,0,0,0.5104166666666666,0.13336975694692507,True,False,False,False,False,True,1
07/01/2015,1,-0.166666667,-0.5,0.33070866141732286,413,1.0434782608695652,0.8,0,0,0,0.5,-0.364362014,True,False,False,False,False,True,1
07/01/2015,1,0.3333333333333333,0.5,-0.608267717,,-0.456521739,0,0,0,0,-0.541666667,-0.461489663,False,False,False,False,False,True,1
07/01/2015,1,0,0.5,-0.608267717,,-0.391304348,0,0,0,0,-0.5,-0.5342368,False,False,False,False,False,True,1
07/01/2015,1,0.8333333333333334,0.5,0.8154527559055118,568,1.076086956521739,0.8,0,0,0,0.4375,-1.806560844,True,False,False,False,False,True,1
07/01/2015,1,-0.166666667,-0.5,-0.546751969,,-0.456521739,0,0,0,0,-0.541666667,-2.216703845,False,False,False,False,False,True,1
08/01/2015,2,-0.833333333,0.5,-0.557086614,,-0.456521739,0,0,0,0,-0.541666667,0.8720184445170132,False,False,False,True,False,False,1
08/01/2015,2,-0.333333333,0.5,-0.557086614,,1.565217391304348,0,0,0,0,-0.291666667,0.7330605515060108,False,False,False,True,False,False,1
08/01/2015,2,0.5,0.5,0.5364173228346457,1216,1.2065217391304348,1.76,0,0,0,0.5208333333333334,0.6345852138760579,True,False,False,True,False,False,1
08/01/2015,2,0.5,0.5,-0.557086614,,-0.456521739,0,0,0,0,-0.541666667,0.5921124599916993,False,False,False,True,False,False,1
08/01/2015,2,-0.833333333,0.5,0.5364173228346457,1189,1.2065217391304348,1.5,0,0,0,0.5208333333333334,0.3859502891644679,True,False,False,True,False,False,1
08/01/2015,2,-0.333333333,0.5,0.6309055118110235,942,1.190217391304348,1.5,0,0,0,0.5104166666666666,0.38434738642775995,True,False,False,True,False,False,1
08/01/2015,2,0.16666666666666666,0.5,0.5236220472440944,1050,1.125,1.2,0,0,0,0.46875,0.38412206489470224,True,False,False,True,False,False,1
08/01/2015,2,0.3333333333333333,0.5,0.5236220472440944,1026,1.125,1.2,0,0,0,0.46875,0.38412206489470224,True,False,False,True,False,False,1
08/01/2015,2,-0.666666667,0.5,-0.557086614,,-0.456521739,0,0,0,0,-0.541666667,0.31220647546638536,False,False,False,True,False,False,1
08/01/2015,2,-0.166666667,-0.5,-0.546751969,,-0.02173913,0,0,0,0,-0.541666667,0.24016975795920115,False,False,False,True,False,False,1
08/01/2015,2,-0.666666667,0.5,0.6309055118110235,783,1.1032608695652173,1.26,0,0,0,0.5104166666666666,0.13585666609694488,True,False,False,True,False,False,1
08/01/2015,2,-0.5,0.5,0.22687007874015755,857,1.076086956521739,1,0,0,0,0.4375,0.13473927594886906,True,False,False,True,False,False,1
08/01/2015,2,1,0.5,-0.179625984,548,2.0217391304347827,1.26,0,0,0,-0.052083333,0.13390561828529757,True,False,False,True,False,False,1
08/01/2015,2,0,0.5,-0.189468504,411,1.934782608695652,1,0,0,0,-0.072916667,0.13349445099962381,True,False,False,True,False,False,1
08/01/2015,2,0.6666666666666666,0,0.6309055118110235,1066,1.190217391304348,1.38,0,0,0,0.5104166666666666,0.13336975694692507,True,False,False,True,False,False,1
08/01/2015,2,0.6666666666666666,0,-0.557086614,,-0.456521739,0,0,0,0,-0.541666667,0.032300491,False,False,False,True,False,False,1
08/01/2015,2,0.3333333333333333,0.5,-0.608267717,,-0.456521739,0,0,0,0,-0.541666667,-0.186793436,False,False,False,True,False,False,1
08/01/2015,2,-0.5,0,-0.546751969,,-0.326086957,0,0,0,0,-0.458333333,-0.303618265,False,False,False,True,False,False,1
08/01/2015,2,0.16666666666666666,0.5,-0.608267717,,-0.456521739,0,0,0,0,-0.541666667,-0.461489663,False,False,False,True,False,False,1
08/01/2015,2,0.8333333333333334,0.5,-0.546751969,,-0.554347826,0,0,0,0,-0.604166667,-1.28898837,False,False,False,True,False,False,1
08/01/2015,2,0.8333333333333334,-4,-0.13484252,287,3.9782608695652173,0.76,0,0,0,0.4166666666666667,-2.117487985,True,False,False,True,False,False,1
08/01/2015,2,-0.166666667,-0.5,1.3361220472440944,724,1.141304347826087,0,0,0,0,0.4791666666666667,-2.698876321,True,False,False,True,False,False,1
10/01/2015,2,-0.833333333,0.5,-0.557086614,,-0.326086957,0,0,0,0,-0.541666667,1.058622434200556,False,True,False,False,False,False,1
10/01/2015,2,-0.5,0,-0.546751969,,-0.217391304,0,0,0,0,-0.458333333,0.7852496588293297,False,True,False,False,False,False,1
10/01/2015,2,-0.333333333,0.5,-0.557086614,,0.3695652173913043,0,0,0,0,-0.291666667,0.6914708887850187,False,True,False,False,False,False,1
10/01/2015,2,0.5,0.5,-0.557086614,,-0.456521739,0,0,0,0,-0.541666667,0.4241688662756913,False,True,False,False,False,False,1
10/01/2015,2,0.5,0.5,0.5364173228346457,1122,1.2065217391304348,1.5,0,0,0,0.5208333333333334,0.3893102217284519,True,True,False,False,False,False,1
10/01/2015,2,0.16666666666666666,0.5,0.5236220472440944,970,1.125,1.2,0,0,0,0.46875,0.38412206489470224,True,True,False,False,False,False,1
10/01/2015,2,0.3333333333333333,0.5,0.5236220472440944,1158,1.125,1.2,0,0,0,0.46875,0.38412206489470224,True,True,False,False,False,False,1
10/01/2015,2,0.6666666666666666,0.5,-0.557086614,,-0.456521739,0,0,0,0,-0.541666667,0.36818767337172115,False,True,False,False,False,False,1
10/01/2015,2,0.8333333333333334,0.5,-0.546751969,,-0.456521739,0,0,0,0,-0.541666667,0.22051476537727693,False,True,False,False,False,False,1
10/01/2015,2,-0.666666667,0.5,-0.557086614,,-0.456521739,0,0,0,0,-0.541666667,0.2189044806246142,False,True,False,False,False,False,1
10/01/2015,2,-0.333333333,0.5,0.6309055118110235,660,1.173913043478261,1.26,0,0,0,0.5,0.13851222630388177,True,True,False,False,False,False,1
10/01/2015,2,-0.666666667,0.5,0.6309055118110235,749,1.1576086956521738,1.26,0,0,0,0.4895833333333333,0.1363428988822557,True,True,False,False,False,False,1
10/01/2015,2,1,0.5,-0.179625984,893,0.1358695652173913,1,0,0,0,-0.052083333,0.13510245512947133,True,True,False,False,False,False,1
10/01/2015,2,0,0.5,-0.189468504,887,0.27717391304347827,1,0,0,0,-0.072916667,0.1350890564704318,True,True,False,False,False,False,1
10/01/2015,2,-0.833333333,0.5,0.5364173228346457,1335,1.2065217391304348,1.26,0,0,0,0.5208333333333334,0.133955432,True,True,False,False,False,False,1
10/01/2015,2,0.6666666666666666,0.5,0.6309055118110235,1082,1.190217391304348,1.26,0,0,0,0.5104166666666666,0.13336975694692507,True,True,False,False,False,False,1
10/01/2015,2,-0.5,0,0.22687007874015755,1075,0.5652173913043478,0.9,0,0,0,0.4583333333333333,-0.116206645,True,True,False,False,False,False,1
10/01/2015,2,0.8333333333333334,-2.5,-0.13484252,749,1.0108695652173914,0.76,0,0,0,0.3958333333333333,-0.500576953,True,True,False,False,False,False,1
10/01/2015,2,0.16666666666666666,0.5,-0.608267717,,-0.456521739,0,0,0,0,-0.541666667,-0.516428907,False,True,False,False,False,False,1
10/01/2015,2,0.3333333333333333,0.5,-0.608267717,,-0.456521739,0,0,0,0,-0.541666667,-0.722451079,False,True,False,False,False,False,1
10/01/2015,2,-0.166666667,-2.5,0.27214566929133854,966,0.6739130434782609,0,0,0,0,0.4583333333333333,-1.927153886,True,True,False,False,False,False,1
10/01/2015,2,-0.166666667,-2.5,-0.546751969,,-0.456521739,0,0,0,0,-0.541666667,-2.177393864,False,True,False,False,False,False,1
11/01/2015,2,-0.5,0,-0.546751969,,-0.456521739,0,0,0,0,-0.541666667,0.8101644328049546,False,False,True,False,False,False,1
11/01/2015,2,-0.333333333,0.5,-0.557086614,,-0.065217391,0,0,0,0,-0.291666667,0.7617610593276919,False,False,True,False,False,False,1
11/01/2015,2,0.5,0.5,0.5364173228346457,1095,1.2065217391304348,1.76,0,0,0,0.5208333333333334,0.6345852138760579,True,False,True,False,False,False,1
11/01/2015,2,-0.833333333,0.5,-0.557086614,,-0.456521739,0,0,0,0,-0.541666667,0.4988104651499281,False,False,True,False,False,False,1
11/01/2015,2,0.5,0.5,-0.557086614,,-0.456521739,0,0,0,0,-0.541666667,0.4241688662756913,False,False,True,False,False,False,1
11/01/2015,2,-0.833333333,0.5,0.5364173228346457,1383,1.2065217391304348,1.5,0,0,0,0.5208333333333334,0.3859502891644679,True,False,True,False,False,False,1
11/01/2015,2,0.16666666666666666,0.5,0.5236220472440944,1012,1.125,0.9,0,0,0,0.46875,0.38412206489470224,True,False,True,False,False,False,1
11/01/2015,2,0.3333333333333333,0.5,0.5236220472440944,1209,1.125,1.2,0,0,0,0.46875,0.38412206489470224,True,False,True,False,False,False,1
11/01/2015,2,0.6666666666666666,0.5,-0.557086614,,-0.456521739,0,0,0,0,-0.541666667,0.27488567852995005,False,False,True,False,False,False,1
11/01/2015,2,-0.666666667,0.5,-0.557086614,,-0.456521739,0,0,0,0,-0.541666667,0.23756487659214903,False,False,True,False,False,False,1
11/01/2015,2,0,0.5,-0.189468504,887,0.27717391304347827,1,0,0,0,-0.072916667,0.1350890564704318,True,False,True,False,False,False,1
11/01/2015,2,1,0.5,-0.179625984,896,0.30978260869565216,1,0,0,0,-0.052083333,0.1346038589678459,True,False,True,False,False,False,1
11/01/2015,2,-0.666666667,0.5,0.6309055118110235,805,1.190217391304348,1.26,0,0,0,0.5104166666666666,0.13336975694692507,True,False,True,False,False,False,1
11/01/2015,2,0.6666666666666666,0.5,0.6309055118110235,762,1.190217391304348,0.76,0,0,0,0.5104166666666666,0.13336975694692507,True,False,True,False,False,False,1
11/01/2015,2,-0.5,0.5,0.22687007874015755,1043,0.44565217391304346,0,0,0,0,0.4375,-0.415866159,True,False,True,False,False,False,1
11/01/2015,2,0.8333333333333334,0.5,-0.546751969,,-0.456521739,0,0,0,0,-0.541666667,-0.526374808,False,False,True,False,False,False,1
11/01/2015,2,0.3333333333333333,0.5,-0.608267717,,-0.456521739,0,0,0,0,-0.541666667,-0.598837777,False,False,True,False,False,False,1
11/01/2015,2,-0.166666667,-2.5,-0.546751969,,-0.456521739,0,0,0,0,-0.541666667,-0.821199636,False,False,True,False,False,False,1
11/01/2015,2,0.8333333333333334,-1.5,-0.13484252,831,1.0108695652173914,0.6,0,0,0,0.3958333333333333,-0.865753864,True,False,True,False,False,False,1
11/01/2015,2,0,0.5,-0.608267717,,-0.456521739,0,0,0,0,-0.541666667,-0.880164604,False,False,True,False,False,False,1
11/01/2015,2,0.16666666666666666,0.5,-0.608267717,,-0.456521739,0,0,0,0,-0.541666667,-0.914738441,False,False,True,False,False,False,1
11/01/2015,2,-0.333333333,0.5,1.733267716535433,562,1.173913043478261,0,0,0,0,0.5,-1.501402703,True,False,True,False,False,False,1
11/01/2015,2,-0.166666667,-1.5,0.27214566929133854,1208,0.7282608695652174,0,0,0,0,0.4791666666666667,-1.602206081,True,False,True,False,False,False,1
12/01/2015,2,-0.833333333,0.5,-0.557086614,,-0.456521739,0,0,0,0,-0.541666667,0.9093392414534485,False,False,False,False,False,False,1
12/01/2015,2,-0.333333333,-4,-0.539370079,,-0.130434783,0,0,0,0,-0.333333333,0.8446330208316589,False,False,False,False,False,False,1
12/01/2015,2,-0.5,0.5,-0.546751969,,-0.391304348,0,0,0,0,-0.5,0.6607865141891601,False,False,False,False,False,False,1
12/01/2015,2,-0.666666667,0.5,-0.557086614,,-0.456521739,0,0,0,0,-0.541666667,0.5361312620863634,False,False,False,False,False,False,1
12/01/2015,2,0.5,0.5,-0.557086614,,-0.456521739,0,0,0,0,-0.541666667,0.4241688662756913,False,False,False,False,False,False,1
12/01/2015,2,-0.833333333,0.5,0.5364173228346457,1099,0.7717391304347826,1.5,0,0,0,0.5208333333333334,0.38604959628424973,True,False,False,False,False,False,1
12/01/2015,2,0.5,0.5,0.5364173228346457,1093,1.2065217391304348,1.5,0,0,0,0.5208333333333334,0.3859502891644679,True,False,False,False,False,False,1
12/01/2015,2,0.16666666666666666,0.5,0.5236220472440944,1031,1.125,1.2,0,0,0,0.46875,0.38412206489470224,True,False,False,False,False,False,1
12/01/2015,2,0.3333333333333333,0.5,0.5236220472440944,1233,1.125,1.2,0,0,0,0.46875,0.38412206489470224,True,False,False,False,False,False,1
12/01/2015,2,0,0.5,-0.608267717,,-0.456521739,0,0,0,0,-0.541666667,0.22051476537727693,False,False,False,False,False,False,1
12/01/2015,2,-0.166666667,-1,-0.546751969,,-0.456521739,0,0,0,0,-0.541666667,0.18120479021616046,False,False,False,False,False,False,1
12/01/2015,2,-0.5,0.5,0.22687007874015755,941,1.076086956521739,0,0,0,0,0.4375,0.13473927594886906,True,False,False,False,False,False,1
12/01/2015,2,0,0.5,-0.189468504,843,0.30978260869565216,1,0,0,0,-0.052083333,0.13427909527812967,True,False,False,False,False,False,1
12/01/2015,2,1,0.5,-0.179625984,760,0.092391304,1,0,0,0,-0.052083333,0.13375271152799134,True,False,False,False,False,False,1
12/01/2015,2,-0.666666667,0.5,0.6309055118110235,737,1.190217391304348,1.26,0,0,0,0.5104166666666666,0.13336975694692507,True,False,False,False,False,False,1
12/01/2015,2,0.3333333333333333,0.5,-0.608267717,,-0.456521739,0,0,0,0,-0.541666667,-0.24173268,False,False,False,False,False,False,1
12/01/2015,2,0.6666666666666666,0.5,1.733267716535433,381,0.5380434782608695,0.9,0,0,0,0.5104166666666666,-0.423994679,True,False,False,False,False,False,1
12/01/2015,2,-0.166666667,-1,0.27214566929133854,1141,0.8152173913043478,0,0,0,0,0.5208333333333334,-0.616631146,True,False,False,False,False,False,1
12/01/2015,2,0.8333333333333334,-1,-0.13484252,1004,1.0108695652173914,0.88,0,0,0,0.3958333333333333,-0.616932343,True,False,False,False,False,False,1
12/01/2015,2,0.16666666666666666,0.5,-0.608267717,,-0.456521739,0,0,0,0,-0.541666667,-0.626307398,False,False,False,False,False,False,1
12/01/2015,2,0.8333333333333334,0.5,-0.546751969,,-0.456521739,0,0,0,0,-0.541666667,-0.663959726,False,False,False,False,False,False,1
12/01/2015,2,-0.333333333,-4,0.35137795275590544,581,0.6141304347826086,0,0,0,0,0.3645833333333333,-2.114079049,True,False,False,False,False,False,1
12/01/2015,2,0.6666666666666666,0.5,-0.557086614,,-0.456521739,0,0,0,0,-0.541666667,-2.636136568,False,False,False,False,False,False,1
13/01/2015,2,-0.333333333,-4,-0.539370079,,-0.326086957,0,0,0,0,-0.458333333,0.8936783996341565,False,False,False,False,True,False,1
13/01/2015,2,-0.833333333,0.5,-0.557086614,,-0.456521739,0,0,0,0,-0.666666667,0.8906788454859143,False,False,False,False,True,False,1
13/01/2015,2,0.6666666666666666,0.5,-0.557086614,,0.2608695652173913,0,0,0,0,-0.291666667,0.6973571112535123,False,False,False,False,True,False,1
13/01/2015,2,-0.5,0.5,-0.546751969,,-0.423913043,0,0,0,0,-0.520833333,0.6398211937698066,False,False,False,False,True,False,1
13/01/2015,2,0.5,0.5,-0.557086614,,-0.456521739,0,0,0,0,-0.541666667,0.4241688662756913,False,False,False,False,True,False,1
13/01/2015,2,-0.833333333,0.5,0.5364173228346457,1073,1.2065217391304348,1.5,0,0,0,0.5208333333333334,0.3859502891644679,True,False,False,False,True,False,1
13/01/2015,2,0.5,0.5,0.5364173228346457,1156,1.2065217391304348,1.5,0,0,0,0.5208333333333334,0.3859502891644679,True,False,False,False,True,False,1
13/01/2015,2,0.3333333333333333,0.5,0.5236220472440944,1211,1.141304347826087,1.2,0,0,0,0.4791666666666667,0.3847010180010063,True,False,False,False,True,False,1
13/01/2015,2,0.16666666666666666,0.5,0.5236220472440944,1126,1.125,1.2,0,0,0,0.46875,0.38412206489470224,True,False,False,False,True,False,1
13/01/2015,2,-0.166666667,-1,-0.546751969,,-0.456521739,0,0,0,0,-0.541666667,0.24016975795920115,False,False,False,False,True,False,1
13/01/2015,2,-0.666666667,0.5,-0.557086614,,-0.456521739,0,0,0,0,-0.541666667,0.16292328271927786,False,False,False,False,True,False,1
13/01/2015,2,0,0.5,-0.179625984,1004,0.30978260869565216,1,0,0,0,-0.052083333,0.1346038589678459,True,False,False,False,True,False,1
13/01/2015,2,1,0.5,-0.179625984,1063,0.30978260869565216,1,0,0,0,-0.052083333,0.1346038589678459,True,False,False,False,True,False,1
13/01/2015,2,-0.666666667,0.5,0.6309055118110235,723,1.190217391304348,1,0,0,0,0.5104166666666666,0.13336975694692507,True,False,False,False,True,False,1
13/01/2015,2,-0.5,0.5,1.3292322834645671,465,1.076086956521739,1.08,0,0,0,0.4375,-0.338876289,True,False,False,False,True,False,1
13/01/2015,2,0.3333333333333333,0.5,-0.608267717,,-0.456521739,0,0,0,0,-0.541666667,-0.461489663,False,False,False,False,True,False,1
13/01/2015,2,0.16666666666666666,0.5,-0.608267717,,-0.456521739,0,0,0,0,-0.541666667,-0.516428907,False,False,False,False,True,False,1
13/01/2015,2,0.8333333333333334,0.5,-0.546751969,,-0.456521739,0,0,0,0,-0.541666667,-0.860509617,False,False,False,False,True,False,1
13/01/2015,2,0.8333333333333334,-0.5,0.5841535433070866,530,1.0108695652173914,0.74,0,0,0,0.3958333333333333,-0.955422436,True,False,False,False,True,False,1
13/01/2015,2,-0.166666667,-0.5,0.27214566929133854,1297,1.173913043478261,0,0,0,0,0.5,-1.232951647,True,False,False,False,True,False,1
13/01/2015,2,-0.333333333,-2.5,0.35137795275590544,783,1.125,0.46,0,0,0,0.46875,-1.365135475,True,False,False,False,True,False,1
13/01/2015,2,0.6666666666666666,-4,0.35137795275590544,715,1.125,0.46,0,0,0,0.46875,-2.116212131,True,False,False,False,True,False,1
14/01/2015,2,0.8333333333333334,0.5,-0.546751969,,-0.358695652,0,0,0,0,-0.5625,0.8065907968807204,False,False,False,False,False,True,1
14/01/2015,2,-0.333333333,-4,-0.539370079,,-0.22826087,0,0,0,0,-0.541666667,0.6739214161995503,False,False,False,False,False,True,1
14/01/2015,2,0.16666666666666666,0.5,0.5236220472440944,1150,1.125,1.4,0,0,0,0.46875,0.6342305920323783,True,False,False,False,False,True,1
14/01/2015,2,-0.833333333,0.5,-0.557086614,,-0.456521739,0,0,0,0,-0.541666667,0.5921124599916993,False,False,False,False,False,True,1
14/01/2015,2,-0.166666667,-1,-0.546751969,,-0.456521739,0,0,0,0,-0.395833333,0.4563746313480751,False,False,False,False,False,True,1
14/01/2015,2,0.5,0.5,-0.557086614,,-0.456521739,0,0,0,0,-0.541666667,0.4241688662756913,False,False,False,False,False,True,1
14/01/2015,2,0.5,0.5,0.5364173228346457,1232,1.2065217391304348,1.5,0,0,0,0.5208333333333334,0.3859502891644679,True,False,False,False,False,True,1
14/01/2015,2,0.3333333333333333,0.5,0.5236220472440944,1218,1.125,1.2,0,0,0,0.46875,0.38412206489470224,True,False,False,False,False,True,1
14/01/2015,2,0.16666666666666666,0.5,-0.608267717,,-0.456521739,0,0,0,0,-0.541666667,0.3213945896484873,False,False,False,False,False,True,1
14/01/2015,2,-0.5,0.5,-0.546751969,,-0.456521739,0,0,0,0,-0.5625,0.23756487659214903,False,False,False,False,False,True,1
14/01/2015,2,1,0.5,-0.179625984,1159,-0.179347826,1,0,0,0,-0.052083333,0.13493735004092297,True,False,False,False,False,True,1
14/01/2015,2,0,0.5,-0.179625984,972,0.30978260869565216,0.76,0,0,0,-0.052083333,0.1346038589678459,True,False,False,False,False,True,1
14/01/2015,2,-0.833333333,0.5,0.5364173228346457,1092,1.2065217391304348,1.26,0,0,0,0.5208333333333334,0.133955432,True,False,False,False,False,True,1
14/01/2015,2,-0.166666667,-0.5,0.27214566929133854,965,0.6086956521739131,0,0,0,0,0.5,-0.36628888,True,False,False,False,False,True,1
14/01/2015,2,0.3333333333333333,0.5,-0.608267717,,-0.456521739,0,0,0,0,-0.541666667,-0.530163722,False,False,False,False,False,True,1
14/01/2015,2,-0.333333333,-1.5,0.35137795275590544,816,0.20652173913043478,0.46,0,0,0,0.4791666666666667,-0.865054473,True,False,False,False,False,True,1
14/01/2015,2,0.6666666666666666,-2.5,0.35137795275590544,947,-0.10326087,0.46,0,0,0,0.46875,-1.367138347,True,False,False,False,False,True,1
14/01/2015,2,0.8333333333333334,-4,-0.031988189,838,0.5869565217391305,0.46,0,0,0,0.4375,-2.117088571,True,False,False,False,False,True,1
14/01/2015,2,0.6666666666666666,0.5,-0.557086614,,-0.489130435,0,0,0,0,-0.541666667,-2.205472422,False,False,False,False,False,True,1
14/01/2015,2,-0.666666667,0.5,1.7598425196850396,1086,0.054347826,0.54,0,0,0,0.4791666666666667,-2.311260527,True,False,False,False,False,True,1
14/01/2015,2,-0.666666667,0.5,-0.557086614,,-0.489130435,0,0,0,0,-0.541666667,-2.630805027,False,False,False,False,False,True,1
15/01/2015,3,-0.333333333,-4,-0.539370079,,-0.065217391,0,0,0,0,-0.291666667,1.0768092208301165,False,False,False,True,False,False,1
15/01/2015,3,0.6666666666666666,0.5,-0.557086614,,-0.097826087,0,0,0,0,-0.3125,0.8991291181708814,False,False,False,True,False,False,1
15/01/2015,3,-0.833333333,0.5,-0.557086614,,-0.456521739,0,0,0,0,-0.541666667,0.554791663,False,False,False,True,False,False,1
15/01/2015,3,-0.166666667,-1,-0.546751969,,-0.456521739,0,0,0,0,-0.541666667,0.4367196437675166,False,False,False,True,False,False,1
15/01/2015,3,0.5,0.5,-0.557086614,,-0.456521739,0,0,0,0,-0.541666667,0.4241688662756913,False,False,False,True,False,False,1
15/01/2015,3,-0.833333333,0.5,0.5364173228346457,1160,1.2065217391304348,1.5,0,0,0,0.5208333333333334,0.3859502891644679,True,False,False,True,False,False,1
15/01/2015,3,0.3333333333333333,0.5,0.5236220472440944,1177,0.907608696,1.2,0,0,0,0.46875,0.38551675577083383,True,False,False,True,False,False,1
15/01/2015,3,0.16666666666666666,0.5,0.5236220472440944,1281,1.125,1.2,0,0,0,0.46875,0.38412206489470224,True,False,False,True,False,False,1
15/01/2015,3,0.5,0.5,0.5364173228346457,1369,1.2065217391304348,1.26,0,0,0,0.5208333333333334,0.133955432,True,False,False,True,False,False,1
15/01/2015,3,0,0.5,-0.179625984,1084,0.1793478260869565,0.76,0,0,0,-0.052083333,0.13352674982010865,True,False,False,True,False,False,1
15/01/2015,3,1,0.5,-0.179625984,1216,0.1793478260869565,1,0,0,0,-0.052083333,0.13352674982010865,True,False,False,True,False,False,1
15/01/2015,3,-0.166666667,-0.5,0.27214566929133854,391,1.173913043478261,0,0,0,0,0.5,-0.366465018,True,False,False,True,False,False,1
15/01/2015,3,0.16666666666666666,0.5,-0.608267717,,-0.456521739,0,0,0,0,-0.541666667,-0.420285231,False,False,False,True,False,False,1
15/01/2015,3,-0.5,-2.5,0.3572834645669291,1102,1.125,0.6,0,0,0,0.46875,-0.56340406,True,False,False,True,False,False,1
15/01/2015,3,-0.333333333,-1,0.3572834645669291,872,1.108695652173913,0.52,0,0,0,0.4583333333333333,-0.616180178,True,False,False,True,False,False,1
15/01/2015,3,0.3333333333333333,0.5,-0.608267717,,-0.456521739,0,0,0,0,-0.541666667,-0.832329571,False,False,False,True,False,False,1
15/01/2015,3,0.6666666666666666,-1.5,0.3572834645669291,1076,1.125,0.46,0,0,0,0.46875,-0.865444174,True,False,False,True,False,False,1
15/01/2015,3,0.8333333333333334,-2.5,-0.018208661,917,1.076086956521739,0.6,0,0,0,0.4375,-1.366914611,True,False,False,True,False,False,1
15/01/2015,3,-0.666666667,-2.5,0.37795275590551186,1044,1.059782608695652,0.46,0,0,0,0.4270833333333333,-1.367045551,True,False,False,True,False,False,1
17/01/2015,3,-0.166666667,-1,-0.546751969,,-0.22826087,0,0,0,0,-0.395833333,1.0696102848726958,False,True,False,False,False,False,1
17/01/2015,3,-0.666666667,0.5,-0.557086614,,-0.391304348,0,0,0,0,-0.5,1.0381623017429833,False,True,False,False,False,False,1
17/01/2015,3,0.6666666666666666,0.5,-0.557086614,,-0.456521739,0,0,0,0,-0.541666667,1.006714319,False,True,False,False,False,False,1
17/01/2015,3,-0.833333333,0.5,-0.557086614,,-0.456521739,0,0,0,0,-0.541666667,0.554791663,False,True,False,False,False,False,1
17/01/2015,3,0.5,0.5,-0.557086614,,-0.391304348,0,0,0,0,-0.5,0.2674215151415702,False,True,False,False,False,False,1
17/01/2015,3,0,0.5,-0.189468504,1067,0.27717391304347827,1.26,0,0,0,-0.072916667,0.1350890564704318,True,True,False,False,False,False,1
17/01/2015,3,1,0.5,-0.179625984,1039,0.30978260869565216,1.26,0,0,0,-0.052083333,0.1346038589678459,True,True,False,False,False,False,1
17/01/2015,3,0.16666666666666666,0.5,0.5236220472440944,1396,1.125,1,0,0,0,0.46875,0.1340135377570262,True,True,False,False,False,False,1
17/01/2015,3,0.3333333333333333,0.5,0.5236220472440944,1292,1.125,1,0,0,0,0.46875,0.1340135377570262,True,True,False,False,False,False,1
17/01/2015,3,-0.833333333,0.5,1.6446850393700787,171,1.2065217391304348,1.26,0,0,0,0.5208333333333334,0.133955432,True,True,False,False,False,False,1
17/01/2015,3,0.5,0.5,0.5364173228346457,1128,1.2065217391304348,1.26,0,0,0,0.5208333333333334,0.133955432,True,True,False,False,False,False,1
17/01/2015,3,-0.666666667,-1.5,0.37795275590551186,865,0.47282608695652173,0.46,0,0,0,0.46875,-0.016101162,True,True,False,False,False,False,1
17/01/2015,3,-0.333333333,-0.5,0.3572834645669291,825,1.125,1,0,0,0,0.46875,-0.364057585,True,True,False,False,False,False,1
17/01/2015,3,0.3333333333333333,0.5,-0.608267717,,-0.456521739,0,0,0,0,-0.541666667,-0.488959285,False,True,False,False,False,False,1
17/01/2015,3,0.16666666666666666,0.5,-0.608267717,,-0.456521739,0,0,0,0,-0.541666667,-0.557633344,False,True,False,False,False,False,1
17/01/2015,3,0.6666666666666666,-1,0.3572834645669291,1163,1.0434782608695652,0.7,0,0,0,0.4166666666666667,-0.61584158,True,True,False,False,False,False,1
17/01/2015,3,-0.5,-1.5,0.3572834645669291,1140,1.125,0.6,0,0,0,0.46875,-0.865444174,True,True,False,False,False,False,1
17/01/2015,3,0.8333333333333334,-1.5,-0.018208661,1027,1.108695652173913,0.76,0,0,0,0.4583333333333333,-0.865536694,True,True,False,False,False,False,1
17/01/2015,3,0,0.5,-0.608267717,,-0.554347826,0,0,0,0,-0.604166667,-1.538298879,False,True,False,False,False,False,1
17/01/2015,3,-0.166666667,-0.5,1.2760826771653544,1052,1.173913043478261,0.42,0,0,0,0.5,-1.607042837,True,True,False,False,False,False,1
17/01/2015,3,0.8333333333333334,0.5,-0.546751969,,-0.489130435,0,0,0,0,-0.5625,-2.298030164,False,True,False,False,False,False,1
18/01/2015,3,-0.166666667,-1.5,-0.546751969,,-0.456521739,0,0,0,0,-0.541666667,0.3974096686064001,False,False,True,False,False,False,1
18/01/2015,3,0.8333333333333334,-1,-0.546751969,,-0.326086957,0,0,0,0,-0.458333333,0.3253413724754098,False,False,True,False,False,False,1
18/01/2015,3,0,0.5,-0.608267717,,-0.391304348,0,0,0,0,-0.5,0.15761880411921686,False,False,True,False,False,False,1
18/01/2015,3,0,0.5,-0.189468504,1140,0.27717391304347827,1.26,0,0,0,-0.072916667,0.1350890564704318,True,False,True,False,False,False,1
18/01/2015,3,0.16666666666666666,0.5,1.6525590551181104,624,1.125,1,0,0,0,0.46875,0.1340135377570262,True,False,True,False,False,False,1
18/01/2015,3,0.3333333333333333,0.5,0.5236220472440944,1288,1.125,0.76,0,0,0,0.46875,0.1340135377570262,True,False,True,False,False,False,1
18/01/2015,3,0.5,0.5,0.5364173228346457,1381,-0.054347826,1,0,0,0,0.5208333333333334,0.13344482244656214,True,False,True,False,False,False,1
18/01/2015,3,-0.333333333,-0.5,0.3572834645669291,882,1.125,1,0,0,0,0.46875,-0.364057585,True,False,True,False,False,False,1
18/01/2015,3,0.6666666666666666,-0.5,0.3572834645669291,1002,1.108695652173913,0.8,0,0,0,0.4583333333333333,-0.366295917,True,False,True,False,False,False,1
18/01/2015,3,0.16666666666666666,0.5,-0.608267717,,-0.456521739,0,0,0,0,-0.541666667,-0.406550415,False,False,True,False,False,False,1
18/01/2015,3,1,0.5,0.5713582677165355,585,0.30978260869565216,1.12,0,0,0,-0.052083333,-0.555538917,True,False,True,False,False,False,1
18/01/2015,3,-0.5,-1,0.3572834645669291,1138,1.125,0.7,0,0,0,0.46875,-0.614750877,True,False,True,False,False,False,1
18/01/2015,3,0.8333333333333334,-1,-0.018208661,1140,1.141304347826087,0.88,0,0,0,0.4791666666666667,-0.615336832,True,False,True,False,False,False,1
18/01/2015,3,-0.666666667,-1,0.37795275590551186,1025,1.125,0.52,0,0,0,0.46875,-0.615617299,True,False,True,False,False,False,1
18/01/2015,3,0.3333333333333333,0.5,-0.608267717,,-0.456521739,0,0,0,0,-0.541666667,-0.667511836,False,False,True,False,False,False,1
18/01/2015,3,-0.166666667,-1.5,0.25295275590551175,1031,1.173913043478261,0.6,0,0,0,0.5,-0.866589842,True,False,True,False,False,False,1
18/01/2015,3,0.5,0.5,-0.557086614,,-0.391304348,0,0,0,0,-0.5,-0.956700655,False,False,True,False,False,False,1
18/01/2015,3,-0.833333333,0.5,1.6653543307086616,1381,1.1576086956521738,0.48,0,0,0,0.4895833333333333,-1.850961339,True,False,True,False,False,False,1
18/01/2015,3,0.6666666666666666,-0.5,-0.557086614,,-0.456521739,0,0,0,0,-0.541666667,-2.688423572,False,False,True,False,False,False,1
19/01/2015,3,-0.333333333,-0.5,-0.539370079,,0.1956521739130435,0,0,0,0,-0.125,1.0199755151134227,False,False,False,False,False,False,1
19/01/2015,3,0.5,0.5,-0.557086614,,-0.391304348,0,0,0,0,-0.5,0.9541242017782636,False,False,False,False,False,False,1
19/01/2015,3,-0.166666667,-1,-0.546751969,,-0.456521739,0,0,0,0,-0.541666667,0.9280943632896709,False,False,False,False,False,False,1
19/01/2015,3,0,0.5,-0.189468504,1028,0.076086957,1,0,0,0,-0.0625,0.13516412197006886,True,False,False,False,False,False,1
19/01/2015,3,0.3333333333333333,0.5,0.5236220472440944,1380,-0.059782609,1,0,0,0,0.46875,0.1341829890324751,True,False,False,False,False,False,1
19/01/2015,3,0.5,0.5,0.5364173228346457,1196,1.2065217391304348,1.26,0,0,0,0.5208333333333334,0.133955432,True,False,False,False,False,False,1
19/01/2015,3,1,0.5,-0.608267717,,-0.456521739,0,0,0,0,-0.541666667,0.10258483489256125,False,False,False,False,False,False,1
19/01/2015,3,-0.666666667,-0.5,0.37795275590551186,1006,1.125,0.76,0,0,0,0.46875,-0.114110002,True,False,False,False,False,False,1
19/01/2015,3,-0.333333333,-0.5,0.3572834645669291,930,1.141304347826087,1.26,0,0,0,0.4791666666666667,-0.116358196,True,False,False,False,False,False,1
19/01/2015,3,-0.5,-0.5,0.3572834645669291,1095,1.125,1,0,0,0,0.46875,-0.116384693,True,False,False,False,False,False,1
19/01/2015,3,0.6666666666666666,-0.5,0.3572834645669291,938,1.108695652173913,1.26,0,0,0,0.4583333333333333,-0.116411661,True,False,False,False,False,False,1
19/01/2015,3,0.8333333333333334,-0.5,-0.018208661,1484,1.141304347826087,1,0,0,0,0.4791666666666667,-0.365914653,True,False,False,False,False,False,1
19/01/2015,3,0.3333333333333333,0.5,-0.608267717,,-0.456521739,0,0,0,0,-0.541666667,-0.447754852,False,False,False,False,False,False,1
19/01/2015,3,-0.166666667,-1,0.25295275590551175,1255,0.782608696,0.7,0,0,0,0.5,-0.616502801,True,False,False,False,False,False,1
19/01/2015,3,0.16666666666666666,0.5,1.6525590551181104,1040,1.141304347826087,0.6,0,0,0,0.4791666666666667,-0.984633594,True,False,False,False,False,False,1
19/01/2015,3,-0.833333333,-2.5,0.37795275590551186,1492,1.125,0.6,0,0,0,0.46875,-1.117124596,True,False,False,False,False,False,1
19/01/2015,3,0.6666666666666666,-0.5,-0.557086614,,-0.456521739,0,0,0,0,-0.541666667,-1.174989438,False,False,False,False,False,False,1
19/01/2015,3,0.8333333333333334,-0.5,-0.546751969,,-0.456521739,0,0,0,0,-0.541666667,-1.81943626,False,False,False,False,False,False,1
19/01/2015,3,1,-4,0,1111,0.391304348,0.46,0,0,0,0,-2.116152765,True,False,False,False,False,False,1
20/01/2015,3,-0.166666667,-0.5,-0.546751969,,-0.456521739,0,0,0,0,-0.541666667,1.301539152327109,False,False,False,False,True,False,1
20/01/2015,3,0,0.5,-0.189468504,1047,0.29347826086956524,1.26,0,0,0,-0.0625,0.134677544,True,False,False,False,True,False,1
20/01/2015,3,0.3333333333333333,0.5,0.5236220472440944,1434,1.125,1,0,0,0,0.46875,0.1340135377570262,True,False,False,False,True,False,1
20/01/2015,3,0.5,0.5,0.5364173228346457,399,1.2065217391304348,1.26,0,0,0,0.5208333333333334,0.133955432,True,False,False,False,True,False,1
20/01/2015,3,-0.333333333,-0.5,0.3572834645669291,983,1.141304347826087,1.26,0,0,0,0.4791666666666667,-0.116358196,True,False,False,False,True,False,1
20/01/2015,3,0.6666666666666666,-0.5,0.3572834645669291,1108,1.108695652173913,1.26,0,0,0,0.4583333333333333,-0.116411661,True,False,False,False,True,False,1
20/01/2015,3,-0.5,-0.5,0.3572834645669291,1134,0.8152173913043478,1,0,0,0,0.4791666666666667,-0.116508642,True,False,False,False,True,False,1
20/01/2015,3,-0.666666667,-0.5,0.37795275590551186,1363,1.141304347826087,1,0,0,0,0.4791666666666667,-0.116539001,True,False,False,False,True,False,1
20/01/2015,3,0.5,0.5,-0.557086614,,-0.391304348,0,0,0,0,-0.5,-0.225213018,False,False,False,False,True,False,1
20/01/2015,3,0.8333333333333334,-0.5,-0.018208661,1501,1.141304347826087,1,0,0,0,0.4791666666666667,-0.365914653,True,False,False,False,True,False,1
20/01/2015,3,-0.166666667,-0.5,0.25295275590551175,1352,1.141304347826087,1,0,0,0,0.4791666666666667,-0.366447758,True,False,False,False,True,False,1
20/01/2015,3,0.3333333333333333,0.5,-0.608267717,,-0.456521739,0,0,0,0,-0.541666667,-0.667511836,False,False,False,False,True,False,1
20/01/2015,3,1,-2.5,0,1352,-0.043478261,0.46,0,0,0,0,-1.365587498,True,False,False,False,True,False,1
20/01/2015,3,0.16666666666666666,-4,0.37795275590551186,1450,1.108695652173913,0.6,0,0,0,0.4583333333333333,-1.865512158,True,False,False,False,True,False,1
20/01/2015,3,0.8333333333333334,-0.5,-0.546751969,,-0.22826087,0,0,0,0,-0.395833333,-2.053894228,False,False,False,False,True,False,1
21/01/2015,3,-0.333333333,0,-0.539370079,,0.3695652173913043,0,0,0,0,-0.291666667,1.0262417963721713,False,False,False,False,False,True,1
21/01/2015,3,-0.666666667,-0.5,-0.557086614,,0.20652173913043478,0,0,0,0,-0.354166667,0.6945335651713129,False,False,False,False,False,True,1
21/01/2015,3,-0.333333333,0,0.3572834645669291,825,1.108695652173913,1.88,0,0,0,0.4583333333333333,0.6362884840221016,True,False,False,False,False,True,1
21/01/2015,3,0,0.5,-0.179625984,916,0.32608695652173914,1.5,0,0,0,1.1458333333333333,0.38549116378191733,True,False,False,False,False,True,1
21/01/2015,3,0.5,0.5,-0.557086614,,-0.282608696,0,0,0,0,-0.541666667,0.2691440155392036,False,False,False,False,False,True,1
21/01/2015,3,0.3333333333333333,0.5,0.5236220472440944,562,0.6358695652173914,0.76,0,0,0,0.46875,0.13555306318602584,True,False,False,False,False,True,1
21/01/2015,3,-0.666666667,-0.5,0.37795275590551186,1422,1.184782608695652,1.2,0,0,0,0.4791666666666667,0.13544903477690737,True,False,False,False,False,True,1
21/01/2015,3,0.6666666666666666,-0.5,0.3572834645669291,1206,1.108695652173913,1.5,0,0,0,0.4583333333333333,0.13347260003234312,True,False,False,False,False,True,1
21/01/2015,3,-0.166666667,-0.5,-0.546751969,,-0.282608696,0,0,0,0,-0.541666667,-0.075821986,False,False,False,False,False,True,1
21/01/2015,3,-0.166666667,-0.5,0.25295275590551175,1404,1.173913043478261,1,0,0,0,0.5,-0.114973923,True,False,False,False,False,True,1
21/01/2015,3,-0.5,-0.5,0.3572834645669291,1139,1.141304347826087,1.26,0,0,0,0.4791666666666667,-0.116358196,True,False,False,False,False,True,1
21/01/2015,3,0.8333333333333334,-0.5,-0.018208661,1735,1.141304347826087,1,0,0,0,0.4791666666666667,-0.365914653,True,False,False,False,False,True,1
21/01/2015,3,-0.833333333,-1,0.37795275590551186,1595,1.141304347826087,0.68,0,0,0,0.4791666666666667,-0.36661793,True,False,False,False,False,True,1
21/01/2015,3,1,-1.5,0,1245,0.43478260869565216,0.46,0,0,0,0,-0.866038972,True,False,False,False,False,True,1
21/01/2015,3,0.3333333333333333,0.5,-0.608267717,,-0.282608696,0,0,0,0,-0.541666667,-0.892551437,False,False,False,False,False,True,1
21/01/2015,3,0.5,0.5,1.9340551181102363,757,0.032608696,0.58,0,0,0,0.5,-1.265824104,True,False,False,False,False,True,1
21/01/2015,3,-0.833333333,-1,-0.557086614,,-0.282608696,0,0,0,0,-0.541666667,-1.341391961,False,False,False,False,False,True,1
21/01/2015,3,0.16666666666666666,-2.5,0.3572834645669291,1720,1.108695652173913,0.46,0,0,0,0.4583333333333333,-1.36583295,True,False,False,False,False,True,1
21/01/2015,3,0.8333333333333334,-0.5,-0.546751969,,-0.22826087,0,0,0,0,-0.520833333,-1.513233759,False,False,False,False,False,True,1
22/01/2015,4,0.16666666666666666,-1.5,-0.557086614,,0.3695652173913043,0,0,0,0,-0.5,0.9217795087660494,False,False,False,True,False,False,1
22/01/2015,4,0.6666666666666666,0,-0.557086614,,0.8043478260869565,0,0,0,0,-0.416666667,0.8370672196870247,False,False,False,True,False,False,1
22/01/2015,4,-0.333333333,0,0.3572834645669291,759,1.108695652173913,1.62,0,0,0,0.4583333333333333,0.3833568559237846,True,False,False,True,False,False,1
22/01/2015,4,-0.666666667,-0.5,0.37795275590551186,1510,1.2065217391304348,1.2,0,0,0,0.4791666666666667,0.13488412550583467,True,False,False,True,False,False,1
22/01/2015,4,0,0.5,-0.179625984,955,0.43478260869565216,1.26,0,0,0,-0.041666667,0.13432996416991533,True,False,False,True,False,False,1
22/01/2015,4,0.6666666666666666,0,0.3572834645669291,1328,1.108695652173913,1.1,0,0,0,0.4583333333333333,0.13347260003234312,True,False,False,True,False,False,1
22/01/2015,4,-0.833333333,-0.5,0.37795275590551186,1384,1.4891304347826086,1.26,0,0,0,0.4791666666666667,-0.115886477,True,False,False,True,False,False,1
22/01/2015,4,-0.5,-0.5,0.3572834645669291,1244,1.141304347826087,1.26,0,0,0,0.4791666666666667,-0.116358196,True,False,False,True,False,False,1
22/01/2015,4,-0.166666667,-0.5,-0.546751969,,0.9130434782608695,0,0,0,0,-0.395833333,-0.152202055,False,False,False,True,False,False,1
22/01/2015,4,-0.166666667,-0.5,0.25295275590551175,1480,1.173913043478261,0.8,0,0,0,0.5,-0.365512563,True,False,False,True,False,False,1
22/01/2015,4,0.8333333333333334,-0.5,-0.018208661,1863,1.141304347826087,1,0,0,0,0.4791666666666667,-0.365914653,True,False,False,True,False,False,1
22/01/2015,4,-0.333333333,0,-0.539370079,,0.9130434782608695,0,0,0,0,-0.395833333,-0.51572726,False,False,False,True,False,False,1
22/01/2015,4,-0.833333333,-0.5,-0.557086614,,2,0,0,0,0,-0.1875,-0.618524468,False,False,False,True,False,False,1
22/01/2015,4,-0.666666667,-0.5,-0.557086614,,2,0,0,0,0,-0.1875,-0.618524468,False,False,False,True,False,False,1
22/01/2015,4,0,0.5,-0.608267717,,0.15217391304347827,0,0,0,0,-0.541666667,-0.732752187,False,False,False,True,False,False,1
22/01/2015,4,1,-1.5,0,1492,0.5434782608695652,0.46,0,0,0,0,-0.864720682,True,False,False,True,False,False,1
22/01/2015,4,0.16666666666666666,-1.5,0.3572834645669291,1859,1.141304347826087,0.46,0,0,0,0.4791666666666667,-0.864834793,True,False,False,True,False,False,1
22/01/2015,4,0.3333333333333333,0.5,1.266240157480315,980,1.233695652173913,0.6,0,0,0,0.46875,-1.089463527,True,False,False,True,False,False,1
22/01/2015,4,0.5,-2.5,0.6820866141732284,970,1.173913043478261,0.6,0,0,0,0.5,-1.364301522,True,False,False,True,False,False,1
22/01/2015,4,-0.5,-0.5,-0.557086614,,1.4565217391304348,0,0,0,0,-0.291666667,-1.564200312,False,False,False,True,False,False,1
22/01/2015,4,0.3333333333333333,0.5,-0.608267717,,0.15217391304347827,0,0,0,0,-0.541666667,-1.878464375,False,False,False,True,False,False,1
22/01/2015,4,1,-1.5,-0.55019685,,0.2608695652173913,0,0,0,0,-0.520833333,-2.230238686,False,False,False,True,False,False,1
24/01/2015,4,-0.166666667,-0.5,-0.546751969,,-0.22826087,0,0,0,0,-0.395833333,0.9669307291128137,False,True,False,False,False,False,1
24/01/2015,4,0.6666666666666666,0,-0.557086614,,-0.391304348,0,0,0,0,-0.5,0.8197693258051845,False,True,False,False,False,False,1
24/01/2015,4,0.3333333333333333,0.5,-0.608267717,,-0.423913043,0,0,0,0,-0.520833333,0.68613014,False,True,False,False,False,False,1
24/01/2015,4,-0.666666667,0,0.37795275590551186,1606,1.141304347826087,1.88,0,0,0,0.4791666666666667,0.6367475243814333,True,True,False,False,False,False,1
24/01/2015,4,-0.333333333,0,0.3572834645669291,727,1.141304347826087,1.88,0,0,0,0.4791666666666667,0.6351123078201429,True,True,False,False,False,False,1
24/01/2015,4,0.8333333333333334,0,-0.546751969,,-0.391304348,0,0,0,0,-0.5,0.6136145419952735,False,True,False,False,False,False,1
24/01/2015,4,-0.5,0,-0.557086614,,-0.456521739,0,0,0,0,-0.541666667,0.610772856,False,True,False,False,False,False,1
24/01/2015,4,0.16666666666666666,-1,-0.557086614,,-0.326086957,0,0,0,0,-0.458333333,0.4863701978373278,False,True,False,False,False,False,1
24/01/2015,4,1,-0.5,-0.55019685,,-0.423913043,0,0,0,0,-0.520833333,0.4263790698601881,False,True,False,False,False,False,1
24/01/2015,4,-0.833333333,-0.5,0.37795275590551186,1472,1.141304347826087,1.5,0,0,0,0.4791666666666667,0.13658966627196223,True,True,False,False,False,False,1
24/01/2015,4,0.6666666666666666,0,0.3572834645669291,1332,1.108695652173913,1.38,0,0,0,0.4583333333333333,0.13651996723785303,True,True,False,False,False,False,1
24/01/2015,4,0,0.5,-0.179625984,1009,0.30434782608695654,1.26,0,0,0,-0.041666667,0.1360562055891846,True,True,False,False,False,False,1
24/01/2015,4,-0.5,0,0.3572834645669291,1266,1.141304347826087,1.38,0,0,0,0.4791666666666667,0.1351299376346688,True,True,False,False,False,False,1
24/01/2015,4,1,0,0,1316,0.391304348,0.8,0,0,0,0,-0.116301811,True,True,False,False,False,False,1
24/01/2015,4,0.8333333333333334,0,1.3636811023622049,1282,1.141304347826087,1.12,0,0,0,0.4791666666666667,-0.116492473,True,True,False,False,False,False,1
24/01/2015,4,-0.166666667,-0.5,0.25295275590551175,1382,1.173913043478261,1,0,0,0,0.5,-0.365512563,True,True,False,False,False,False,1
24/01/2015,4,-0.333333333,0,-0.539370079,,-0.326086957,0,0,0,0,-0.458333333,-0.609257287,False,True,False,False,False,False,1
24/01/2015,4,0.16666666666666666,-1,0.3572834645669291,1295,1.125,0.52,0,0,0,0.46875,-0.614750877,True,True,False,False,False,False,1
24/01/2015,4,0.5,-1.5,0.6820866141732284,925,0.4891304347826087,0.46,0,0,0,0.5,-0.866277152,True,True,False,False,False,False,1
24/01/2015,4,-0.666666667,0,-0.557086614,,-0.456521739,0,0,0,0,-0.541666667,-0.975361056,False,True,False,False,False,False,1
24/01/2015,4,-0.833333333,-0.5,-0.557086614,,-0.456521739,0,0,0,0,-0.541666667,-0.975361056,False,True,False,False,False,False,1
24/01/2015,4,0.3333333333333333,-4,-0.008366142,1448,0.9782608695652174,0.46,0,0,0,0.375,-2.117297328,True,True,False,False,False,False,1
24/01/2015,4,0.5,-1.5,-0.557086614,,-0.456521739,0,0,0,0,-0.541666667,-2.561494974,False,True,False,False,False,False,1
25/01/2015,4,-0.166666667,-0.5,-0.546751969,,-0.163043478,0,0,0,0,-0.354166667,1.0025910876001132,False,False,True,False,False,False,1
25/01/2015,4,-0.666666667,0,-0.557086614,,-0.456521739,0,0,0,0,-0.541666667,0.9839808403276853,False,False,True,False,False,False,1
25/01/2015,4,-0.833333333,-0.5,-0.557086614,,-0.456521739,0,0,0,0,-0.541666667,0.9839808403276853,False,False,True,False,False,False,1
25/01/2015,4,-0.5,0,-0.557086614,,-0.423913043,0,0,0,0,-0.520833333,0.9425132859532613,False,False,True,False,False,False,1
25/01/2015,4,0.6666666666666666,0,-0.557086614,,-0.097826087,0,0,0,0,-0.3125,0.9093392414534485,False,False,True,False,False,False,1
25/01/2015,4,-0.333333333,0,-0.539370079,,-0.326086957,0,0,0,0,-0.458333333,0.8936783996341565,False,False,True,False,False,False,1
25/01/2015,4,-0.333333333,0,0.3572834645669291,867,1.141304347826087,1.88,0,0,0,0.4791666666666667,0.6351123078201429,True,False,True,False,False,False,1
25/01/2015,4,-0.666666667,0,0.37795275590551186,1636,1.190217391304348,1.62,0,0,0,0.5104166666666666,0.3845572337349608,True,False,True,False,False,False,1
25/01/2015,4,-0.833333333,-0.5,0.37795275590551186,1682,1.190217391304348,1.5,0,0,0,0.5104166666666666,0.13791904431181115,True,False,True,False,False,False,1
25/01/2015,4,-0.5,0,0.3572834645669291,1495,1.1576086956521738,1.1,0,0,0,0.4895833333333333,0.13593699303342774,True,False,True,False,False,False,1
25/01/2015,4,0,0.5,-0.179625984,1181,0.32608695652173914,1.26,0,0,0,-0.041666667,0.13530210465175938,True,False,True,False,False,False,1
25/01/2015,4,0.6666666666666666,0,0.3572834645669291,1413,1.108695652173913,1.38,0,0,0,0.4583333333333333,0.13347260003234312,True,False,True,False,False,False,1
25/01/2015,4,0.16666666666666666,-1,-0.557086614,,-0.260869565,0,0,0,0,-0.416666667,-0.120758083,False,False,True,False,False,False,1
25/01/2015,4,0.16666666666666666,-0.5,0.3572834645669291,360,1.125,0.8,0,0,0,0.46875,-0.364057585,True,False,True,False,False,False,1
25/01/2015,4,1,-0.5,0,1296,0.391304348,0.8,0,0,0,0,-0.364582629,True,False,True,False,False,False,1
25/01/2015,4,-0.166666667,-0.5,0.25295275590551175,1217,1.173913043478261,1,0,0,0,0.5,-0.365512563,True,False,True,False,False,False,1
25/01/2015,4,0.5,-1,0.6820866141732284,1086,1.173913043478261,0.52,0,0,0,0.5,-0.61479694,True,False,True,False,False,False,1
25/01/2015,4,1,-0.5,-0.55019685,,-0.423913043,0,0,0,0,-0.520833333,-0.775969485,False,False,True,False,False,False,1
25/01/2015,4,0.8333333333333334,0,1.3636811023622049,532,1.141304347826087,0.8,0,0,0,0.4791666666666667,-0.911207107,True,False,True,False,False,False,1
25/01/2015,4,0.3333333333333333,-2.5,-0.008366142,1557,-0.586956522,0.46,0,0,0,0.375,-1.366730325,True,False,True,False,False,False,1
25/01/2015,4,0.3333333333333333,0.5,-0.608267717,,-0.586956522,0,0,0,0,-0.625,-2.219545526,False,False,True,False,False,False,1
26/01/2015,4,-0.5,0,-0.557086614,,-0.391304348,0,0,0,0,-0.5,1.431830413567641,False,False,False,False,False,False,1
26/01/2015,4,0.6666666666666666,0,-0.557086614,,-0.032608696,0,0,0,0,-0.270833333,1.1226009460923687,False,False,False,False,False,False,1
26/01/2015,4,-0.333333333,0,-0.539370079,,-0.326086957,0,0,0,0,-0.458333333,0.9520908164810729,False,False,False,False,False,False,1
26/01/2015,4,-0.166666667,-0.5,-0.546751969,,-0.22826087,0,0,0,0,-0.395833333,0.9295467799301314,False,False,False,False,False,False,1
26/01/2015,4,-0.666666667,0,-0.557086614,,-0.391304348,0,0,0,0,-0.5,0.685414455,False,False,False,False,False,False,1
26/01/2015,4,-0.833333333,-0.5,-0.557086614,,-0.391304348,0,0,0,0,-0.5,0.685414455,False,False,False,False,False,False,1
26/01/2015,4,-0.333333333,0.5,0.3572834645669291,1016,1.125,1.2,0,0,0,0.46875,0.38500189516755173,True,False,False,False,False,False,1
26/01/2015,4,0,0.5,-0.179625984,1072,0.32608695652173914,1,0,0,0,-0.041666667,0.13530210465175938,True,False,False,False,False,False,1
26/01/2015,4,-0.5,0,0.3572834645669291,1584,1.141304347826087,1.38,0,0,0,0.4791666666666667,0.1351299376346688,True,False,False,False,False,False,1
26/01/2015,4,-0.666666667,0,0.37795275590551186,1764,1.141304347826087,1.1,0,0,0,0.4791666666666667,0.1335399234176864,True,False,False,False,False,False,1
26/01/2015,4,-0.833333333,-0.5,0.37795275590551186,1745,1.173913043478261,1.2,0,0,0,0.5,0.13348734405878934,True,False,False,False,False,False,1
26/01/2015,4,0.6666666666666666,0,0.3572834645669291,1250,1.108695652173913,1.1,0,0,0,0.4583333333333333,0.13347260003234312,True,False,False,False,False,False,1
26/01/2015,4,1,-0.5,-0.55019685,,-0.423913043,0,0,0,0,-0.520833333,-0.020207538,False,False,False,False,False,False,1
26/01/2015,4,-0.166666667,0,0.25295275590551175,1118,1.1521739130434783,1.12,0,0,0,0.5,-0.116541256,True,False,False,False,False,False,1
26/01/2015,4,0.5,-0.5,0.6820866141732284,1143,1.173913043478261,0.8,0,0,0,0.5,-0.363693886,True,False,False,False,False,False,1
26/01/2015,4,1,-0.5,0,1337,0.391304348,0.8,0,0,0,0,-0.364582629,True,False,False,False,False,False,1
26/01/2015,4,0.16666666666666666,-1,-0.557086614,,-0.456521739,0,0,0,0,-0.541666667,-0.635306071,False,False,False,False,False,False,1
26/01/2015,4,0.3333333333333333,-1.5,-0.008366142,1519,-0.652173913,0.46,0,0,0,0.375,-0.866186387,True,False,False,False,False,False,1
26/01/2015,4,0.8333333333333334,-4,0.6309055118110235,749,1.141304347826087,0.46,0,0,0,0.4791666666666667,-2.116909842,True,False,False,False,False,False,1
27/01/2015,4,-0.666666667,0,0.3572834645669291,1635,0.5217391304347826,2.38,0,0,0,0.4791666666666667,1.134795281243355,True,False,False,False,True,False,1
27/01/2015,4,-0.5,0,0.3572834645669291,1299,0.5217391304347826,2.38,0,0,0,0.4791666666666667,1.134795281243355,True,False,False,False,True,False,1
27/01/2015,4,0.6666666666666666,0.5,-0.557086614,,-0.456521739,0,0,0,0,-0.458333333,1.031253850113928,False,False,False,False,True,False,1
27/01/2015,4,-0.333333333,0.5,-0.539370079,,-0.456521739,0,0,0,0,-0.458333333,0.8366868258052595,False,False,False,False,True,False,1
27/01/2015,4,-0.166666667,-2.5,-0.546751969,,-0.456521739,0,0,0,0,-0.458333333,0.7654868267975306,False,False,False,False,True,False,1
27/01/2015,4,0.6666666666666666,0.5,0.3572834645669291,1134,0.5,1.4,0,0,0,0.4583333333333333,0.6341553264781083,True,False,False,False,True,False,1
27/01/2015,4,-0.5,0,-0.557086614,,-0.456521739,0,0,0,0,-0.458333333,0.44282926724459176,False,False,False,False,True,False,1
27/01/2015,4,-0.333333333,0.5,0.3572834645669291,1106,0.5108695652173914,1.2,0,0,0,0.46875,0.38500189516755173,True,False,False,False,True,False,1
27/01/2015,4,0.3333333333333333,-1,-0.557086614,,-0.543478261,0,0,0,0,-0.541666667,0.3607235099833413,False,False,False,False,True,False,1
27/01/2015,4,1,-0.5,-0.546751969,,-0.52173913,0,0,0,0,-0.520833333,0.25117971,False,False,False,False,True,False,1
27/01/2015,4,0.16666666666666666,-2.5,-0.546751969,,-0.543478261,0,0,0,0,-0.541666667,0.1510829292371454,False,False,False,False,True,False,1
27/01/2015,4,-0.833333333,0,0.37795275590551186,1871,0.5434782608695652,1.1,0,0,0,0.5,0.1346862064561213,True,False,False,False,True,False,1
27/01/2015,4,-0.666666667,0,-0.557086614,,-0.5,0,0,0,0,-0.5,0.073353367,False,False,False,False,True,False,1
27/01/2015,4,-0.833333333,0,-0.557086614,,-0.5,0,0,0,0,-0.5,0.024089913714536563,False,False,False,False,True,False,1
27/01/2015,4,0.5,-0.5,0.6820866141732284,1294,0.5434782608695652,1,0,0,0,0.5,-0.364835263,True,False,False,False,True,False,1
27/01/2015,4,1,-0.5,0,1462,0.021739130434782608,0.8,0,0,0,0,-0.36594307,True,False,False,False,True,False,1
27/01/2015,4,0.3333333333333333,-1,-0.008366142,976,-0.673913043,0.46,0,0,0,0.375,-0.615298982,True,False,False,False,True,False,1
27/01/2015,4,0,0.5,0.7450787401574802,338,-0.02173913,0.68,0,0,0,-0.041666667,-0.752731603,True,False,False,False,True,False,1
27/01/2015,4,0,0.5,-0.608267717,,-0.543478261,0,0,0,0,-0.541666667,-0.754372677,False,False,False,False,True,False,1
27/01/2015,4,-0.166666667,-2.5,0.27214566929133854,1455,0.5434782608695652,0.6,0,0,0,0.5,-1.366863217,True,False,False,False,True,False,1
27/01/2015,4,0.8333333333333334,-2.5,1.6200787401574803,1282,0.45652173913043476,0.46,0,0,0,0.4166666666666667,-2.01488406,True,False,False,False,True,False,1
28/01/2015,4,-0.666666667,0.5,0.3572834645669291,1559,0.5217391304347826,1.8,0,0,0,0.4791666666666667,1.134795281243355,True,False,False,False,False,True,1
28/01/2015,4,-0.5,0.5,0.3572834645669291,1350,0.5217391304347826,2.26,0,0,0,0.4791666666666667,1.134795281243355,True,False,False,False,False,True,1
28/01/2015,4,0,-4,-0.608267717,,-0.391304348,0,0,0,0,-0.395833333,1.0213900464077736,False,False,False,False,False,True,1
28/01/2015,4,-0.833333333,0,-0.557086614,,-0.5,0,0,0,0,-0.5,0.8615686207746476,False,False,False,False,False,True,1
28/01/2015,4,-0.666666667,0.5,-0.557086614,,-0.391304348,0,0,0,0,-0.395833333,0.6446204844080873,False,False,False,False,False,True,1
28/01/2015,4,0.6666666666666666,0.5,0.3572834645669291,1175,0.5,1.2,0,0,0,0.4583333333333333,0.3860994899096997,True,False,False,False,False,True,1
28/01/2015,4,-0.833333333,0,0.37795275590551186,1868,0.5434782608695652,1.62,0,0,0,0.5,0.385248888,True,False,False,False,False,True,1
28/01/2015,4,0.6666666666666666,0.5,-0.557086614,,-0.5,0,0,0,0,-0.5,0.336091783,False,False,False,False,False,True,1
28/01/2015,4,-0.166666667,-1.5,0.27214566929133854,1045,0.5434782608695652,1.76,0,0,0,0.5,0.13604290195609522,True,False,False,False,False,True,1
28/01/2015,4,-0.333333333,0.5,0.3572834645669291,1342,0.5108695652173914,1,0,0,0,0.46875,0.1358188057576645,True,False,False,False,False,True,1
28/01/2015,4,1,0,-0.55019685,,-0.52173913,0,0,0,0,-0.520833333,-0.088913166,False,False,False,False,False,True,1
28/01/2015,4,0.5,-0.5,0.6820866141732284,1340,0.5434782608695652,1.26,0,0,0,0.5,-0.113732209,True,False,False,False,False,True,1
28/01/2015,4,1,0,0,1429,-0.065217391,0.9,0,0,0,0.020833333333333332,-0.115281482,True,False,False,False,False,True,1
28/01/2015,4,-0.333333333,0.5,-0.539370079,,-0.456521739,0,0,0,0,-0.458333333,-0.25354146,False,False,False,False,False,True,1
28/01/2015,4,0.3333333333333333,-1,-0.546751969,,-0.543478261,0,0,0,0,-0.541666667,-1.100300481,False,False,False,False,False,True,1
28/01/2015,4,0.8333333333333334,-2.5,0.23818897637795283,1413,0.34782608695652173,0.92,0,0,0,0.4166666666666667,-1.364202675,True,False,False,False,False,True,1
28/01/2015,4,0.3333333333333333,-0.5,1.1235236220472444,336,0.41304347826086957,0,0,0,0,0.375,-1.52861777,True,False,False,False,False,True,1
28/01/2015,4,0,-4,0.17372047244094485,511,-0.391304348,0.46,0,0,0,-0.041666667,-1.677147987,True,False,False,False,False,True,1
28/01/2015,4,0.16666666666666666,-1.5,-0.557086614,,-0.543478261,0,0,0,0,-0.541666667,-1.835397059,False,False,False,False,False,True,1
28/01/2015,4,0.16666666666666666,-1.5,0.40748031496062986,958,0.4782608695652174,0,0,0,0,0.4375,-2.440666522,True,False,False,False,False,True,1
28/01/2015,4,0.8333333333333334,-2.5,-0.608267717,,-0.543478261,0,0,0,0,-0.541666667,-2.570493641,False,False,False,False,False,True,1
29/01/2015,5,-0.666666667,0.5,0.3572834645669291,1416,0.5217391304347826,2.26,0,0,0,0.4791666666666667,1.134795281243355,True,False,False,True,False,False,1
29/01/2015,5,-0.333333333,0.5,-0.539370079,,-0.5,0,0,0,0,-0.5,1.0786278974925263,False,False,False,True,False,False,1
29/01/2015,5,-0.5,0.5,0.3572834645669291,1287,0.5217391304347826,2,0,0,0,0.4791666666666667,0.8845047093910876,True,False,False,True,False,False,1
29/01/2015,5,-0.333333333,0.5,0.3572834645669291,1444,0.532608696,1.76,0,0,0,0.4895833333333333,0.6375074319045793,True,False,False,True,False,False,1
29/01/2015,5,0.6666666666666666,0.5,0.3572834645669291,1088,0.5,1.76,0,0,0,0.4583333333333333,0.6341553264781083,True,False,False,True,False,False,1
29/01/2015,5,0,-2.5,-0.608267717,,-0.5,0,0,0,0,-0.5,0.6285049734231924,False,False,False,True,False,False,1
29/01/2015,5,0.3333333333333333,-1,-0.546751969,,-0.543478261,0,0,0,0,-0.541666667,0.5212360943650103,False,False,False,True,False,False,1
29/01/2015,5,0.8333333333333334,-1.5,-0.608267717,,-0.543478261,0,0,0,0,-0.541666667,0.4563746313480751,False,False,False,True,False,False,1
29/01/2015,5,0.6666666666666666,0.5,-0.557086614,,-0.5,0,0,0,0,-0.5,0.41819754056635344,False,False,False,True,False,False,1
29/01/2015,5,-0.833333333,0,-0.557086614,,-0.5,0,0,0,0,-0.5,0.4017763911146499,False,False,False,True,False,False,1
29/01/2015,5,-0.833333333,0,0.37795275590551186,1579,0.5434782608695652,1.62,0,0,0,0.5,0.385248888,True,False,False,True,False,False,1
29/01/2015,5,0.5,-0.5,0.6820866141732284,1170,0.5434782608695652,1.06,0,0,0,0.5,0.38428885544353303,True,False,False,True,False,False,1
29/01/2015,5,-0.166666667,-1,0.27214566929133854,1015,0.5652173913043478,1.62,0,0,0,0.5208333333333334,0.13573904897688543,True,False,False,True,False,False,1
29/01/2015,5,-0.666666667,0.5,-0.557086614,,-0.5,0,0,0,0,-0.5,0,False,False,False,True,False,False,1
29/01/2015,5,1,0,0,1436,0.043478260869565216,0.9,0,0,0,0.020833333333333332,-0.113464316,True,False,False,True,False,False,1
29/01/2015,5,1,0,-0.55019685,,-0.52173913,0,0,0,0,-0.520833333,-0.693522724,False,False,False,True,False,False,1
29/01/2015,5,0.8333333333333334,-1.5,0.23818897637795283,1601,0.065217391,0.92,0,0,0,0.3541666666666667,-0.863914541,True,False,False,True,False,False,1
29/01/2015,5,0,-2.5,0.17372047244094485,717,0,0.46,0,0,0,-0.020833333,-1.366451444,True,False,False,True,False,False,1
29/01/2015,5,-0.5,0.5,-0.557086614,,-0.543478261,0,0,0,0,-0.541666667,-1.404550234,False,False,False,True,False,False,1
29/01/2015,5,0.16666666666666666,-1,0.40748031496062986,830,0.4782608695652174,0,0,0,0,0.4375,-1.427456489,True,False,False,True,False,False,1
31/01/2015,5,-0.5,0.5,0.3572834645669291,1136,0.5434782608695652,2.26,0,0,0,0.5,1.1359309013698555,True,True,False,False,False,False,1
31/01/2015,5,-0.666666667,0.5,0.3572834645669291,1397,0.5217391304347826,2.26,0,0,0,0.4791666666666667,1.134795281243355,True,True,False,False,False,False,1
31/01/2015,5,-0.666666667,0.5,-0.557086614,,-0.5,0,0,0,0,-0.5,0.9929378313923752,False,True,False,False,False,False,1
31/01/2015,5,-0.5,0.5,-0.557086614,,-0.543478261,0,0,0,0,-0.541666667,0.9929378313923752,False,True,False,False,False,False,1
31/01/2015,5,-0.333333333,0.5,-0.557086614,,-0.5,0,0,0,0,-0.5,0.9929378313923752,False,True,False,False,False,False,1
31/01/2015,5,0.6666666666666666,0.5,-0.557086614,,-0.5,0,0,0,0,-0.5,0.9929378313923752,False,True,False,False,False,False,1
31/01/2015,5,-0.833333333,0,-0.557086614,,-0.391304348,0,0,0,0,-0.395833333,0.9929378313923752,False,True,False,False,False,False,1
31/01/2015,5,0.5,0,-0.557086614,,-0.673913043,0,0,0,0,-0.666666667,0.9929378313923752,False,True,False,False,False,False,1
31/01/2015,5,1,0,-0.55019685,,-0.52173913,0,0,0,0,-0.520833333,0.9929378313923752,False,True,False,False,False,False,1
31/01/2015,5,-0.166666667,-0.5,-0.557086614,,-0.673913043,0,0,0,0,-0.666666667,0.9929378313923752,False,True,False,False,False,False,1
31/01/2015,5,0.16666666666666666,-0.5,-0.557086614,,-0.5,0,0,0,0,-0.5,0.9929378313923752,False,True,False,False,False,False,1
31/01/2015,5,0.3333333333333333,-1,-0.557086614,,-0.543478261,0,0,0,0,-0.541666667,0.9929378313923752,False,True,False,False,False,False,1
31/01/2015,5,0.8333333333333334,-1,-0.557086614,,-0.608695652,0,0,0,0,-0.604166667,0.9929378313923752,False,True,False,False,False,False,1
31/01/2015,5,0,-1.5,-0.557086614,,-0.5,0,0,0,0,-0.5,0.9929378313923752,False,True,False,False,False,False,1
31/01/2015,5,0.6666666666666666,0.5,0.3572834645669291,1116,0.5,1.86,0,0,0,0.4583333333333333,0.734718504,True,True,False,False,False,False,1
31/01/2015,5,-0.333333333,0.5,0.3572834645669291,1432,0.4891304347826087,1.76,0,0,0,0.4895833333333333,0.6361924177873736,True,True,False,False,False,False,1
31/01/2015,5,0.5,0,0.6820866141732284,1082,0.5217391304347826,1.62,0,0,0,0.4791666666666667,0.38649151196700315,True,True,False,False,False,False,1
31/01/2015,5,-0.833333333,0,0.37795275590551186,1502,0.5434782608695652,1.62,0,0,0,0.5,0.385248888,True,True,False,False,False,False,1
31/01/2015,5,1,0,0,1209,0.043478260869565216,0.9,0,0,0,0.020833333333333332,-0.113464316,True,True,False,False,False,False,1
31/01/2015,5,-0.166666667,-0.5,1.7534448818897639,282,0.34782608695652173,1.12,0,0,0,0.5208333333333334,-0.583007163,True,True,False,False,False,False,1
31/01/2015,5,0.8333333333333334,-1,0.23818897637795283,1417,0.45652173913043476,0.98,0,0,0,0.4166666666666667,-0.616094174,True,True,False,False,False,False,1
31/01/2015,5,0,-1.5,0.17372047244094485,799,0,0.46,0,0,0,-0.020833333,-0.863349407,True,True,False,False,False,False,1
31/01/2015,5,0.16666666666666666,-0.5,0.40748031496062986,1109,0.5,0,0,0,0,0.4583333333333333,-1.923040043,True,True,False,False,False,False,1
31/01/2015,5,0.3333333333333333,-2.5,0.40748031496062986,1144,0.45652173913043476,0,0,0,0,0.4166666666666667,-2.432408091,True,True,False,False,False,False,1
01/02/2015,1,0.3333333333333333,-1,-0.546751969,,-0.543478261,0,0,0,0,-0.541666667,1.1914712138737966,False,False,True,False,False,False,2
01/02/2015,1,-0.666666667,0.5,0.3572834645669291,1396,0.532608696,2.26,0,0,0,0.4895833333333333,1.137000358427883,True,False,True,False,False,False,2
01/02/2015,1,-0.833333333,0.5,0.37795275590551186,1582,-0.163043478,2.26,0,0,0,0.5104166666666666,1.1356537456814078,True,False,True,False,False,False,2
01/02/2015,1,-0.833333333,0,-0.557086614,,-0.304347826,0,0,0,0,-0.3125,0.8857682094403164,False,False,True,False,False,False,2
01/02/2015,1,-0.5,0.5,0.3572834645669291,1124,0.5217391304347826,2,0,0,0,0.4791666666666667,0.8845047093910876,True,False,True,False,False,False,2
01/02/2015,1,-0.666666667,0.5,-0.557086614,,-0.5,0,0,0,0,-0.5,0.6973571112535123,False,False,True,False,False,False,2
01/02/2015,1,0.16666666666666666,-0.5,-0.557086614,,-0.326086957,0,0,0,0,-0.333333333,0.5944678982383302,False,False,True,False,False,False,2
01/02/2015,1,0.6666666666666666,0.5,-0.557086614,,-0.5,0,0,0,0,-0.5,0.5659879006357846,False,False,True,False,False,False,2
01/02/2015,1,0.6666666666666666,0.5,0.3572834645669291,1282,0.5,1.5,0,0,0,0.4583333333333333,0.3860994899096997,True,False,True,False,False,False,2
01/02/2015,1,-0.333333333,0.5,0.3572834645669291,1472,0.5543478260869565,1.2,0,0,0,0.5104166666666666,0.38400800374574284,True,False,True,False,False,False,2
01/02/2015,1,-0.333333333,0.5,-0.539370079,,-0.456521739,0,0,0,0,-0.458333333,0.3587785338298035,False,False,True,False,False,False,2
01/02/2015,1,0.5,0,0.6820866141732284,1282,0.5434782608695652,0.9,0,0,0,0.5,-0.113732209,True,False,True,False,False,False,2
01/02/2015,1,1,0,0,1276,-0.456521739,0.9,0,0,0,0.020833333333333332,-0.114444629,True,False,True,False,False,False,2
01/02/2015,1,1,0,-0.55019685,,-0.52173913,0,0,0,0,-0.520833333,-0.353429848,False,False,True,False,False,False,2
01/02/2015,1,0.8333333333333334,-0.5,0.23818897637795283,1192,0.391304348,1.5,0,0,0,0.4166666666666667,-0.364221485,True,False,True,False,False,False,2
01/02/2015,1,0,-1,0.17372047244094485,881,0,0.52,0,0,0,-0.020833333,-0.611798386,True,False,True,False,False,False,2
01/02/2015,1,0.3333333333333333,-1.5,0.44291338582677175,1196,0.4782608695652174,0,0,0,0,0.4375,-1.532979246,True,False,True,False,False,False,2
01/02/2015,1,0.16666666666666666,-0.5,0.44291338582677175,1400,0.5,0,0,0,0,0.4583333333333333,-1.809392937,True,False,True,False,False,False,2
01/02/2015,1,0,-1.5,-0.608267717,,-0.5,0,0,0,0,-0.5,-2.29646047,False,False,True,False,False,False,2
02/02/2015,1,-0.833333333,0.5,0.37795275590551186,16882,0.5543478260869565,2.26,0,0,0,0.5104166666666666,1.136655139151951,True,False,False,False,False,False,2
02/02/2015,1,0.5,0,-0.557086614,,-0.543478261,0,0,0,0,-0.541666667,1.1049892615174277,False,False,False,False,False,False,2
02/02/2015,1,-0.666666667,0.5,0.3572834645669291,21385,0.5543478260869565,1.76,0,0,0,0.5104166666666666,0.634298581,True,False,False,False,False,False,2
02/02/2015,1,-0.5,0.5,0.3572834645669291,21266,0.5217391304347826,1.4,0,0,0,0.4791666666666667,0.634214133,True,False,False,False,False,False,2
02/02/2015,1,0.6666666666666666,0.5,0.3572834645669291,21540,0.5,1.76,0,0,0,0.4583333333333333,0.6341553264781083,True,False,False,False,False,False,2
02/02/2015,1,0.6666666666666666,0.5,-0.557086614,,-0.5,0,0,0,0,-0.5,0.41819754056635344,False,False,False,False,False,False,2
02/02/2015,1,-0.333333333,0.5,-0.539370079,,-0.456521739,0,0,0,0,-0.458333333,0.17956292683969105,False,False,False,False,False,False,2
02/02/2015,1,1,0.5,0,12261,-0.065217391,1.26,0,0,0,0.020833333333333332,0.13538011095450103,True,False,False,False,False,False,2
02/02/2015,1,-0.333333333,0.5,0.3572834645669291,23122,0.358695652,1,0,0,0,0.46875,0.13533641402130536,True,False,False,False,False,False,2
02/02/2015,1,0.5,0,0.6820866141732284,8992,0.5434782608695652,1.1,0,0,0,0.5,0.1331857967092237,True,False,False,False,False,False,2
02/02/2015,1,1,0,-0.55019685,,-0.52173913,0,0,0,0,-0.520833333,-0.164489365,False,False,False,False,False,False,2
02/02/2015,1,0.8333333333333334,-0.5,0.2603346456692914,9792,0.45652173913043476,1.2,0,0,0,0.4166666666666667,-0.364775542,True,False,False,False,False,False,2
02/02/2015,1,0,-0.5,0.17372047244094485,2984,0,0.6,0,0,0,-0.020833333,-0.364993616,True,False,False,False,False,False,2
02/02/2015,1,0.3333333333333333,-1,-0.546751969,,-0.543478261,0,0,0,0,-0.541666667,-1.057059502,False,False,False,False,False,False,2
02/02/2015,1,-0.833333333,0,-0.557086614,,-0.304347826,0,0,0,0,-0.3125,-1.344051257,False,False,False,False,False,False,2
02/02/2015,1,-0.166666667,-2.5,0.7303149606299213,839,0.5434782608695652,0,0,0,0,0.5,-1.363030275,True,False,False,False,False,False,2
02/02/2015,1,0.16666666666666666,-0.5,0.44291338582677175,2698,0.5,0,0,0,0,0.4583333333333333,-2.390780873,True,False,False,False,False,False,2
02/02/2015,1,0,-1.5,-0.608267717,,-0.5,0,0,0,0,-0.5,-2.465673351,False,False,False,False,False,False,2
02/02/2015,1,0.3333333333333333,-1,0.44291338582677175,1435,0.4782608695652174,0,0,0,0,0.4375,-2.562472511,True,False,False,False,False,False,2
03/02/2015,1,-0.666666667,0.5,-0.557086614,,-0.282608696,0,0,0,0,-0.291666667,1.1407281914618064,False,False,False,False,True,False,2
03/02/2015,1,-0.833333333,0.5,0.3572834645669291,1500,0.532608696,2.26,0,0,0,0.4895833333333333,1.133735701882827,True,False,False,False,True,False,2
03/02/2015,1,0.6666666666666666,0.5,0.3572834645669291,1188,0.5,1.8,0,0,0,0.4583333333333333,1.133619105041396,True,False,False,False,True,False,2
03/02/2015,1,-0.833333333,0.5,-0.557086614,,-0.5,0,0,0,0,-0.5,1.1078858875570332,False,False,False,False,True,False,2
03/02/2015,1,0.3333333333333333,-0.5,-0.546751969,,-0.543478261,0,0,0,0,-0.541666667,1.0185073141624248,False,False,False,False,True,False,2
03/02/2015,1,-0.5,0.5,0.3572834645669291,1112,0.5217391304347826,2,0,0,0,0.4791666666666667,0.8845047093910876,True,False,False,False,True,False,2
03/02/2015,1,-0.666666667,0.5,0.3572834645669291,1452,0.5434782608695652,2,0,0,0,0.5,0.88348265,True,False,False,False,True,False,2
03/02/2015,1,0.5,0,-0.557086614,,-0.47826087,0,0,0,0,-0.479166667,0.7333063186225526,False,False,False,False,True,False,2
03/02/2015,1,-0.333333333,0.5,0.3572834645669291,340,0.2717391304347826,1.26,0,0,0,0.46875,0.13554346056364575,True,False,False,False,True,False,2
03/02/2015,1,1,0.5,0,1029,-0.347826087,1,0,0,0,0.020833333333333332,0.13466522572649364,True,False,False,False,True,False,2
03/02/2015,1,1,0.5,-0.55019685,,-0.52173913,0,0,0,0,-0.520833333,0.024451122,False,False,False,False,True,False,2
03/02/2015,1,0.5,0,0.6820866141732284,1070,0.5434782608695652,0.68,0,0,0,0.5,-0.113732209,True,False,False,False,True,False,2
03/02/2015,1,0.8333333333333334,-0.5,0.4945866141732283,946,0.32608695652173914,1.2,0,0,0,0.4166666666666667,-0.364198294,True,False,False,False,True,False,2
03/02/2015,1,0,-0.5,0.17372047244094485,913,0.010869565217391304,0.6,0,0,0,-0.010416667,-0.365843688,True,False,False,False,True,False,2
03/02/2015,1,0.3333333333333333,-0.5,0.44291338582677175,1363,0.4891304347826087,0,0,0,0,0.4479166666666667,-0.934594568,True,False,False,False,True,False,2
03/02/2015,1,0.16666666666666666,-0.5,0.44291338582677175,1639,0.5,0,0,0,0,0.4583333333333333,-1.159393999,True,False,False,False,True,False,2
03/02/2015,1,-0.333333333,0.5,-0.539370079,,-0.456521739,0,0,0,0,-0.458333333,-1.179488772,False,False,False,False,True,False,2
03/02/2015,1,0,-0.5,-0.608267717,,-0.543478261,0,0,0,0,-0.541666667,-1.389962915,False,False,False,False,True,False,2
03/02/2015,1,-0.166666667,-1.5,0.7303149606299213,415,0.5434782608695652,0,0,0,0,0.5,-1.791293779,True,False,False,False,True,False,2
04/02/2015,1,-0.666666667,0.5,0.3572834645669291,1263,0.532608696,2,0,0,0,0.4895833333333333,1.385114496,True,False,False,False,False,True,2
04/02/2015,1,-0.5,0.5,0.3572834645669291,968,0.5217391304347826,2.26,0,0,0,0.4791666666666667,1.134795281243355,True,False,False,False,False,True,2
04/02/2015,1,0.6666666666666666,0.5,0.3572834645669291,1108,0.5,2.26,0,0,0,0.4583333333333333,1.133619105041396,True,False,False,False,False,True,2
04/02/2015,1,-0.666666667,0.5,-0.557086614,,-0.326086957,0,0,0,0,-0.333333333,0.9673938155770964,False,False,False,False,False,True,2
04/02/2015,1,-0.833333333,0.5,-0.557086614,,-0.5,0,0,0,0,-0.5,0.7794628635133971,False,False,False,False,False,True,2
04/02/2015,1,0.3333333333333333,-0.5,-0.546751969,,-0.173913043,0,0,0,0,-0.1875,0.7123612087224901,False,False,False,False,False,True,2
04/02/2015,1,-0.833333333,0.5,0.3572834645669291,1532,0.532608696,1.76,0,0,0,0.4895833333333333,0.6342427703581571,True,False,False,False,False,True,2
04/02/2015,1,1,0.5,0,1094,0.021739130434782608,0.76,0,0,0,0,0.13538011095450103,True,False,False,False,False,True,2
04/02/2015,1,0.5,0.5,0.3572834645669291,1086,0.5434782608695652,1,0,0,0,0.5,0.1331857967092237,True,False,False,False,False,True,2
04/02/2015,1,0.16666666666666666,-0.5,-0.557086614,,-0.543478261,0,0,0,0,-0.541666667,0.032300491,False,False,False,False,False,True,2
04/02/2015,1,0.5,0,-0.557086614,,-0.543478261,0,0,0,0,-0.541666667,-0.090858142,False,False,False,False,False,True,2
04/02/2015,1,0,-0.5,0.17372047244094485,941,-0.108695652,0.6,0,0,0,-0.020833333,-0.36321377,True,False,False,False,False,True,2
04/02/2015,1,0.16666666666666666,-0.5,0.44291338582677175,1471,0.5434782608695652,0,0,0,0,0.5,-0.363705644,True,False,False,False,False,True,2
04/02/2015,1,0.8333333333333334,-0.5,-0.256397638,1042,0.391304348,1.2,0,0,0,0.3958333333333333,-0.365372214,True,False,False,False,False,True,2
04/02/2015,1,0.3333333333333333,-0.5,0.6820866141732284,1248,0.5217391304347826,0,0,0,0,0.4791666666666667,-0.366091201,True,False,False,False,False,True,2
04/02/2015,1,1,0.5,-0.55019685,,-0.52173913,0,0,0,0,-0.520833333,-0.429006042,False,False,False,False,False,True,2
04/02/2015,1,-0.166666667,-1,0.7303149606299213,326,0.33695652173913043,0,90,10,0,0.5104166666666666,-0.612659936,True,False,False,False,False,True,2
04/02/2015,1,0,-0.5,-0.608267717,,-0.543478261,0,0,0,0,-0.541666667,-1.208663404,False,False,False,False,False,True,2
04/02/2015,1,-0.333333333,-4,0.7303149606299213,287,0.3804347826086957,0.46,150,15,0,0.4479166666666667,-2.113711789,True,False,False,False,False,True,2
05/02/2015,1,-0.666666667,0.5,0.3572834645669291,1300,0.5108695652173914,2.26,0,0,0,0.46875,1.135873620727085,True,False,False,True,False,False,2
05/02/2015,1,-0.833333333,0.5,0.3572834645669291,1485,0.532608696,2.26,0,0,0,0.4895833333333333,1.133735701882827,True,False,False,True,False,False,2
05/02/2015,1,0.6666666666666666,0.5,0.3572834645669291,1039,0.5,2.26,0,0,0,0.4583333333333333,1.133619105041396,True,False,False,True,False,False,2
05/02/2015,1,-0.666666667,0.5,-0.557086614,,-0.239130435,0,0,0,0,-0.25,1.1332640280734265,False,False,False,True,False,False,2
05/02/2015,1,-0.5,0.5,0.3572834645669291,1063,0.5217391304347826,2,0,0,0,0.4791666666666667,0.8845047093910876,True,False,False,True,False,False,2
05/02/2015,1,0,-0.5,-0.608267717,,-0.543478261,0,0,0,0,-0.541666667,0.8460643867233705,False,False,False,True,False,False,2
05/02/2015,1,1,0.5,-0.55019685,,-0.52173913,0,0,0,0,-0.520833333,0.6668487797332575,False,False,False,True,False,False,2
05/02/2015,1,0.16666666666666666,-0.5,-0.557086614,,-0.5,0,0,0,0,-0.5,0.3689340872098762,False,False,False,True,False,False,2
05/02/2015,1,-0.833333333,0.5,-0.557086614,,-0.456521739,0,0,0,0,-0.458333333,0.3607235099833413,False,False,False,True,False,False,2
05/02/2015,1,1,0.5,0,1083,-0.586956522,0.76,0,0,0,0,0.13643397375389252,True,False,False,True,False,False,2
05/02/2015,1,0.5,0.5,0.6820866141732284,1069,0.5434782608695652,1,0,0,0,0.5,0.1331857967092237,True,False,False,True,False,False,2
05/02/2015,1,0.6666666666666666,0.5,-0.557086614,,-0.543478261,0,0,0,0,-0.541666667,-0.00875239,False,False,False,True,False,False,2
05/02/2015,1,0.8333333333333334,0,-0.256397638,668,-0.260869565,0.68,0,0,0,-0.166666667,-0.114697988,True,False,False,True,False,False,2
05/02/2015,1,0,-0.5,0.17372047244094485,766,-0.217391304,0.6,0,0,0,-0.020833333,-0.366371557,True,False,False,True,False,False,2
05/02/2015,1,-0.166666667,-0.5,0.7303149606299213,557,0.5434782608695652,0,0,0,0,0.5,-1.055891798,True,False,False,True,False,False,2
05/02/2015,1,0.16666666666666666,-6.8,0.44291338582677175,1608,0.5434782608695652,0,0,0,0,0.5,-1.252784648,True,False,False,True,False,False,2
05/02/2015,1,-0.333333333,-2.5,0.7303149606299213,417,0.43478260869565216,0.46,0,0,1,0.3958333333333333,-1.363438376,True,False,False,True,False,False,2
05/02/2015,1,0.3333333333333333,-0.5,0.44291338582677175,1167,0.5217391304347826,0,0,0,0,0.4791666666666667,-1.384296162,True,False,False,True,False,False,2
07/02/2015,1,-0.666666667,0.5,-0.557086614,,-0.173913043,0,0,0,0,-0.1875,1.387045458244192,False,True,False,False,False,False,2
07/02/2015,1,-0.666666667,0.5,0.3572834645669291,1186,0.532608696,2.26,0,0,0,0.5,1.133735701882827,True,True,False,False,False,False,2
07/02/2015,1,-0.5,0.5,0.3572834645669291,1060,0.5217391304347826,2,0,0,0,0.4791666666666667,0.8845047093910876,True,True,False,False,False,False,2
07/02/2015,1,-0.833333333,0.5,0.3572834645669291,1534,0.5108695652173914,1.76,0,0,0,0.4791666666666667,0.6341849895788041,True,True,False,False,False,False,2
07/02/2015,1,0.6666666666666666,0.5,0.3572834645669291,1142,0.5,1.76,0,0,0,0.4583333333333333,0.6341553264781083,True,True,False,False,False,False,2
07/02/2015,1,1,0.5,-0.55019685,,-0.52173913,0,0,0,0,-0.520833333,0.6290606801811507,False,True,False,False,False,False,2
07/02/2015,1,-0.833333333,0.5,-0.557086614,,-0.5,0,0,0,0,-0.5,0.48388214337453417,False,True,False,False,False,False,2
07/02/2015,1,0,0,-0.608267717,,-0.543478261,0,0,0,0,-0.541666667,0.3625990221669636,False,True,False,False,False,False,2
07/02/2015,1,1,0.5,0,1021,0.021739130434782608,1.26,0,0,0,0,0.13538011095450103,True,True,False,False,False,False,2
07/02/2015,1,0.5,0.5,0.6820866141732284,829,0.5434782608695652,1,0,0,0,0.5,0.1331857967092237,True,True,False,False,False,False,2
07/02/2015,1,0.5,0.5,-0.557086614,,-0.543478261,0,0,0,0,-0.541666667,-0.00875239,False,True,False,False,False,False,2
07/02/2015,1,0,0,0.17372047244094485,813,-0.434782609,0.68,0,0,0,-0.020833333,-0.114097249,True,True,False,False,False,False,2
07/02/2015,1,0.8333333333333334,0,-0.256397638,677,-0.130434783,0.9,0,0,0,-0.145833333,-0.116559606,True,True,False,False,False,False,2
07/02/2015,1,0.16666666666666666,-0.5,-0.557086614,,-0.5,0,0,0,0,-0.5,-0.287911956,False,True,False,False,False,False,2
07/02/2015,1,0.16666666666666666,-0.5,0.44291338582677175,658,0.5434782608695652,0,270,45,0,0.5,-0.555467783,True,True,False,False,False,False,2
07/02/2015,1,-0.333333333,-1.5,0.7303149606299213,486,0.5108695652173914,0.6,0,0,1,0.4791666666666667,-0.865782156,True,True,False,False,False,False,2
07/02/2015,1,-0.166666667,-0.5,0.7303149606299213,687,0.6413043478260869,0,0,0,0,0.5208333333333334,-1.138689265,True,True,False,False,False,False,2
07/02/2015,1,-0.333333333,0.5,-0.539370079,,-0.543478261,0,0,0,0,-0.541666667,-1.627527792,False,True,False,False,False,False,2
07/02/2015,1,0.3333333333333333,-0.5,0.44291338582677175,652,0.5217391304347826,0,300,37,0,0.4791666666666667,-2.040630376,True,True,False,False,False,False,2
08/02/2015,2,-0.666666667,0.5,0.3572834645669291,1233,0.532608696,2.26,0,0,0,0.4895833333333333,1.133735701882827,True,False,True,False,False,False,2
08/02/2015,2,0.16666666666666666,-0.5,-0.546751969,,-0.456521739,0,0,0,0,-0.458333333,0.7769482918090103,False,False,True,False,False,False,2
08/02/2015,2,0.6666666666666666,0.5,0.3572834645669291,1388,0.5,1.76,0,0,0,0.4583333333333333,0.6375074319045793,True,False,True,False,False,False,2
08/02/2015,2,-0.833333333,0.5,0.3572834645669291,1615,0.5108695652173914,1.76,0,0,0,0.46875,0.6341849895788041,True,False,True,False,False,False,2
08/02/2015,2,-0.5,0.5,0.3572834645669291,1283,0.5,1.76,0,0,0,0.4583333333333333,0.6341553264781083,True,False,True,False,False,False,2
08/02/2015,2,-0.833333333,0.5,-0.557086614,,-0.5,0,0,0,0,-0.5,0.5988302045405584,False,False,True,False,False,False,2
08/02/2015,2,1,0.5,-0.55019685,,-0.52173913,0,0,0,0,-0.520833333,0.5912725856304102,False,False,True,False,False,False,2
08/02/2015,2,-0.666666667,0.5,-0.557086614,,-0.326086957,0,0,0,0,-0.333333333,0.5112507324625285,False,False,True,False,False,False,2
08/02/2015,2,0.3333333333333333,-0.5,-0.546751969,,-0.391304348,0,0,0,0,-0.395833333,0.3378700489316631,False,False,True,False,False,False,2
08/02/2015,2,1,0.5,0,1026,-0.195652174,1.26,0,0,0,0,0.1351462820981786,True,False,True,False,False,False,2
08/02/2015,2,0.5,0.5,0.6820866141732284,909,0.5434782608695652,1,0,0,0,0.5,0.1331857967092237,True,False,True,False,False,False,2
08/02/2015,2,0,0,0.17372047244094485,670,0,0.68,0,0,0,-0.020833333,-0.113442595,True,False,True,False,False,False,2
08/02/2015,2,0.8333333333333334,0,-0.256397638,629,-0.130434783,0.9,0,0,0,-0.145833333,-0.116559606,True,False,True,False,False,False,2
08/02/2015,2,-0.166666667,-0.5,0.7303149606299213,754,0.5543478260869565,0,0,0,0,0.5104166666666666,-0.363674811,True,False,True,False,False,False,2
08/02/2015,2,0,0,-0.608267717,,-0.543478261,0,0,0,0,-0.541666667,-0.8158478,False,False,True,False,False,False,2
08/02/2015,2,0.5,0.5,-0.557086614,,-0.543478261,0,0,0,0,-0.541666667,-0.829809943,False,False,True,False,False,False,2
08/02/2015,2,-0.333333333,-1,0.7303149606299213,712,0.5108695652173914,0.88,0,0,1,0.46875,-1.025648824,True,False,True,False,False,False,2
08/02/2015,2,0.16666666666666666,-0.5,0.44291338582677175,148,0.5434782608695652,0,0,0,0,0.5,-2.089564889,True,False,True,False,False,False,2
08/02/2015,2,0.3333333333333333,-0.5,0.44291338582677175,154,0.5217391304347826,0,0,0,0,0.4791666666666667,-2.100942166,True,False,True,False,False,False,2
09/02/2015,2,-0.666666667,0.5,-0.557086614,,-0.326086957,0,0,0,0,-0.333333333,1.4235369036930299,False,False,False,False,False,False,2
09/02/2015,2,-0.833333333,0.5,-0.557086614,,-0.5,0,0,0,0,-0.5,0.9436743780358979,False,False,False,False,False,False,2
09/02/2015,2,0.6666666666666666,0.5,0.3572834645669291,1127,-0.695652174,1.76,0,0,0,0.4583333333333333,0.6375074319045793,True,False,False,False,False,False,2
09/02/2015,2,-0.833333333,0.5,0.3572834645669291,1506,-0.065217391,1.4,0,0,0,0.4791666666666667,0.6360522545101843,True,False,False,False,False,False,2
09/02/2015,2,-0.666666667,0.5,0.3572834645669291,1413,-0.652173913,1.4,0,0,0,0.4791666666666667,0.6358961168705561,True,False,False,False,False,False,2
09/02/2015,2,0,0,-0.608267717,,-0.543478261,0,0,0,0,-0.541666667,0.57411512,False,False,False,False,False,False,2
09/02/2015,2,1,0.5,0,970,0.021739130434782608,1.26,0,0,0,0,0.13538011095450103,True,False,False,False,False,False,2
09/02/2015,2,-0.5,0.5,0.3572834645669291,1271,0.2608695652173913,1,0,0,0,0.4791666666666667,0.13417583707934838,True,False,False,False,False,False,2
09/02/2015,2,0.5,0.5,0.6820866141732284,1073,0.5434782608695652,1,0,0,0,0.5,0.1331857967092237,True,False,False,False,False,False,2
09/02/2015,2,-0.333333333,-0.5,0.7303149606299213,767,-0.119565217,1,0,0,1,0.4791666666666667,0.083372283,True,False,False,False,False,False,2
09/02/2015,2,0.8333333333333334,0,-0.256397638,103,-0.717391304,0.9,0,0,0,0.4166666666666667,-0.113456909,True,False,False,False,False,False,2
09/02/2015,2,0.3333333333333333,-4,-0.546751969,,-0.391304348,0,0,0,0,-0.395833333,-0.331201558,False,False,False,False,False,False,2
09/02/2015,2,-0.166666667,-0.5,0.7303149606299213,773,0.5543478260869565,0.8,0,0,0,0.5,-0.363674811,True,False,False,False,False,False,2
09/02/2015,2,0.5,0.5,-0.557086614,,-0.543478261,0,0,0,0,-0.541666667,-0.37822829,False,False,False,False,False,False,2
09/02/2015,2,0,0,0.17372047244094485,708,0.021739130434782608,0,0,0,0,0,-0.804300526,True,False,False,False,False,False,2
09/02/2015,2,0.16666666666666666,-4,0.7303149606299213,842,0.5434782608695652,0,0,0,1,0.5,-2.115735831,True,False,False,False,False,False,2
09/02/2015,2,0.3333333333333333,-4,0.7303149606299213,901,0.5434782608695652,0,0,0,1,0.5,-2.115735831,True,False,False,False,False,False,2
09/02/2015,2,1,0.5,-0.55019685,,-0.52173913,0,0,0,0,-0.520833333,-2.507351398,False,False,False,False,False,False,2
10/02/2015,2,1,0.5,-0.55019685,,-0.52173913,0,0,0,0,-0.520833333,1.1580940439024499,False,False,False,False,True,False,2
10/02/2015,2,-0.666666667,0.5,-0.557086614,,-0.326086957,0,0,0,0,-0.333333333,0.9673938155770964,False,False,False,False,True,False,2
10/02/2015,2,0.6666666666666666,0.5,0.3572834645669291,1268,-0.717391304,1.76,0,0,0,0.4583333333333333,0.6366694030472783,True,False,False,False,True,False,2
10/02/2015,2,-0.833333333,0.5,0.3572834645669291,1546,-0.717391304,1.76,0,0,0,0.4791666666666667,0.6358607822210172,True,False,False,False,True,False,2
10/02/2015,2,-0.5,0.5,0.3572834645669291,813,-0.717391304,1.76,0,0,0,0.4791666666666667,0.6358607822210172,True,False,False,False,True,False,2
10/02/2015,2,-0.666666667,0.5,0.3572834645669291,1512,-0.717391304,1.76,0,0,0,0.4791666666666667,0.633426607,True,False,False,False,True,False,2
10/02/2015,2,-0.833333333,0.5,-0.557086614,,-0.456521739,0,0,0,0,-0.458333333,0.4017763911146499,False,False,False,False,True,False,2
10/02/2015,2,0.5,0.5,0.6820866141732284,1263,-0.326086957,0.76,0,0,0,0.5,0.1373708496053187,True,False,False,False,True,False,2
10/02/2015,2,1,0.5,0,900,0.021739130434782608,1,0,0,0,0,0.13538011095450103,True,False,False,False,True,False,2
10/02/2015,2,-0.333333333,-0.5,-0.546751969,,-0.391304348,0,0,0,0,-0.395833333,0.1171431056107116,False,False,False,False,True,False,2
10/02/2015,2,0,0,0.17372047244094485,640,-0.282608696,0,0,0,0,0,-0.112712401,True,False,False,False,True,False,2
10/02/2015,2,0.8333333333333334,0.5,-0.256397638,13,-0.130434783,0.68,0,0,0,0.4166666666666667,-0.113456909,True,False,False,False,True,False,2
10/02/2015,2,-0.166666667,0,0.7303149606299213,855,0.5543478260869565,0.9,0,0,0,0.5,-0.114917423,True,False,False,False,True,False,2
10/02/2015,2,0.3333333333333333,-4,-0.546751969,,-0.543478261,0,0,0,0,-0.541666667,-0.34790751,False,False,False,False,True,False,2
10/02/2015,2,-0.333333333,-0.5,0.7303149606299213,855,0.5543478260869565,0.8,0,0,1,0.5,-0.363674811,True,False,False,False,True,False,2
10/02/2015,2,0.5,0.5,-0.557086614,,-0.543478261,0,0,0,0,-0.541666667,-0.419281166,False,False,False,False,True,False,2
10/02/2015,2,0,0,-0.608267717,,-0.543478261,0,0,0,0,-0.541666667,-0.725198044,False,False,False,False,True,False,2
10/02/2015,2,0.16666666666666666,-2.5,0.7303149606299213,1025,0.5434782608695652,0.46,0,0,1,0.5,-1.363030275,True,False,False,False,True,False,2
10/02/2015,2,0.3333333333333333,-2.5,0.7303149606299213,1061,0.5434782608695652,0.6,0,0,1,0.5,-1.899441128,True,False,False,False,True,False,2
11/02/2015,2,-0.333333333,-0.5,-0.546751969,,-0.391304348,0,0,0,0,-0.395833333,1.2994659861661628,False,False,False,False,False,True,2
11/02/2015,2,1,0.5,-0.55019685,,-0.52173913,0,0,0,0,-0.520833333,1.233670238005297,False,False,False,False,False,True,2
11/02/2015,2,-0.666666667,0.5,0.3572834645669291,1557,-0.717391304,1.8,0,0,0,0.4895833333333333,1.1353680326560387,True,False,False,False,False,True,2
11/02/2015,2,-0.833333333,0.5,0.3572834645669291,1498,-0.717391304,2.26,0,0,0,0.4791666666666667,1.1339719564015738,True,False,False,False,False,True,2
11/02/2015,2,0.3333333333333333,-4,-0.546751969,,-0.456521739,0,0,0,0,-0.458333333,1.1055102387911118,False,False,False,False,False,True,2
11/02/2015,2,-0.666666667,0.5,-0.557086614,,-0.326086957,0,0,0,0,-0.333333333,0.6937079647080826,False,False,False,False,False,True,2
11/02/2015,2,-0.166666667,-0.5,-0.546751969,,-0.673913043,0,0,0,0,-0.666666667,0.4834653645564069,False,False,False,False,False,True,2
11/02/2015,2,0.6666666666666666,0.5,0.3572834645669291,598,-0.717391304,1.5,0,0,0,0.4583333333333333,0.3852614610523988,True,False,False,False,False,True,2
11/02/2015,2,0,0.5,0.17372047244094485,656,-0.086956522,0.76,0,0,0,0,0.1381084260300646,True,False,False,False,False,True,2
11/02/2015,2,1,0.5,0,854,0.021739130434782608,1,0,0,0,0,0.13538011095450103,True,False,False,False,False,True,2
11/02/2015,2,0.5,0.5,0.6820866141732284,609,-0.130434783,1,0,0,0,0.5,0.13409067382211431,True,False,False,False,False,True,2
11/02/2015,2,-0.166666667,0,0.7303149606299213,788,0.6195652173913043,1.12,0,0,0,0.53125,-0.114666814,True,False,False,False,False,True,2
11/02/2015,2,0.3333333333333333,-1.5,0.7303149606299213,1069,0.10869565217391304,0.6,0,0,1,0.5,-0.294694673,True,False,False,False,False,True,2
11/02/2015,2,-0.333333333,-0.5,0.7303149606299213,667,0.358695652,0.8,0,0,1,0.53125,-0.363823992,True,False,False,False,False,True,2
11/02/2015,2,-0.833333333,0.5,-0.557086614,,-0.456521739,0,0,0,0,-0.458333333,-0.775072775,False,False,False,False,False,True,2
11/02/2015,2,0.16666666666666666,-1.5,0.7303149606299213,829,-0.108695652,0.46,0,0,1,0.5,-0.866550746,True,False,False,False,False,True,2
11/02/2015,2,0.5,0.5,-0.557086614,,-0.543478261,0,0,0,0,-0.541666667,-1.158232967,False,False,False,False,False,True,2
11/02/2015,2,-0.5,0.5,0.3572834645669291,11,0.5217391304347826,0,0,0,1,0.4791666666666667,-1.182480819,True,False,False,False,False,True,2
11/02/2015,2,0.8333333333333334,-4,-0.189468504,434,-0.130434783,0,0,0,1,0.375,-1.327513066,True,False,False,False,False,True,2
12/02/2015,2,-0.833333333,0.5,0.3572834645669291,1397,-0.717391304,2.76,0,0,0,0.4791666666666667,1.6361997547910356,True,False,False,True,False,False,2
12/02/2015,2,-0.333333333,-0.5,-0.546751969,,-0.391304348,0,0,0,0,-0.395833333,1.616941570573508,False,False,False,True,False,False,2
12/02/2015,2,-0.666666667,0.5,0.3572834645669291,1327,-0.717391304,2.26,0,0,0,0.4895833333333333,1.1353680326560387,True,False,False,True,False,False,2
12/02/2015,2,1,0.5,-0.55019685,,-0.52173913,0,0,0,0,-0.520833333,0.3267559037697609,False,False,False,True,False,False,2
12/02/2015,2,1,0.5,0,894,0.021739130434782608,1,0,0,0,0,0.13538011095450103,True,False,False,True,False,False,2
12/02/2015,2,0.3333333333333333,-4,-0.546751969,,-0.456521739,0,0,0,0,-0.458333333,-0.089260486,False,False,False,True,False,False,2
12/02/2015,2,-0.166666667,0,0.7303149606299213,610,0.5652173913043478,1.12,0,0,0,0.5208333333333334,-0.112700267,True,False,False,True,False,False,2
12/02/2015,2,0,0.5,0.17372047244094485,779,0,0,0,0,0,-0.020833333,-0.426694806,True,False,False,True,False,False,2
12/02/2015,2,-0.833333333,0.5,-0.557086614,,-0.456521739,0,0,0,0,-0.458333333,-0.5424398,False,False,False,True,False,False,2
12/02/2015,2,0.5,0.5,-0.557086614,,-0.543478261,0,0,0,0,-0.541666667,-0.583492676,False,False,False,True,False,False,2
12/02/2015,2,-0.333333333,-0.5,0.7303149606299213,419,0.5652173913043478,0,0,0,1,0.5208333333333334,-0.67829258,True,False,False,True,False,False,2
12/02/2015,2,-0.666666667,0.5,-0.557086614,,-0.326086957,0,0,0,0,-0.333333333,-0.857178532,False,False,False,True,False,False,2
12/02/2015,2,-0.166666667,-0.5,-0.546751969,,-0.673913043,0,0,0,0,-0.666666667,-0.966930724,False,False,False,True,False,False,2
12/02/2015,2,0.16666666666666666,-1,0.7303149606299213,909,0.5652173913043478,0,0,0,1,0.5208333333333334,-1.18860143,True,False,False,True,False,False,2
12/02/2015,2,0.8333333333333334,-2.5,-0.189468504,1039,-0.304347826,0,0,0,2,0.4375,-1.366423021,True,False,False,True,False,False,2
12/02/2015,2,0.5,0.5,0.6820866141732284,14,0.5434782608695652,0,0,0,0,0.5,-1.377617594,True,False,False,True,False,False,2
12/02/2015,2,0.3333333333333333,-1,0.7303149606299213,1193,0.5652173913043478,0,0,0,1,0.5208333333333334,-1.550070199,True,False,False,True,False,False,2
12/02/2015,2,0.6666666666666666,0.5,0.3572834645669291,10,0.3695652173913043,0,0,0,0,0.3333333333333333,-1.660160038,True,False,False,True,False,False,2
12/02/2015,2,-0.5,-4,0.7303149606299213,770,0.5434782608695652,0,0,0,1,0.5,-2.115735831,True,False,False,True,False,False,2
14/02/2015,2,-0.833333333,0.5,0.3572834645669291,1416,0.5217391304347826,2.26,0,0,0,0.4791666666666667,1.134795281243355,True,True,False,False,False,False,2
14/02/2015,2,0.16666666666666666,-0.5,-0.546751969,,-0.391304348,0,0,0,0,-0.395833333,0.7799352175085495,False,True,False,False,False,False,2
14/02/2015,2,-0.333333333,0,-0.546751969,,-0.282608696,0,0,0,0,-0.291666667,0.6480936578970351,False,True,False,False,False,False,2
14/02/2015,2,1,0.5,-0.55019685,,-0.52173913,0,0,0,0,-0.520833333,0.13781541601195887,False,True,False,False,False,False,2
14/02/2015,2,1,0.5,0,942,0.021739130434782608,1.26,0,0,0,0,0.13538011095450103,True,True,False,False,False,False,2
14/02/2015,2,-0.666666667,0.5,0.3572834645669291,674,-0.054347826,1.26,0,0,0,0.4791666666666667,0.1352448690212812,True,True,False,False,False,False,2
14/02/2015,2,-0.833333333,0.5,-0.557086614,,-0.456521739,0,0,0,0,-0.458333333,0.1144062432009562,False,True,False,False,False,False,2
14/02/2015,2,-0.333333333,0,0.7303149606299213,481,0.5760869565217391,0,0,0,1,0.5208333333333334,-0.114737214,True,True,False,False,False,False,2
14/02/2015,2,-0.166666667,0,0.7303149606299213,664,0.5760869565217391,1.12,0,0,0,0.5208333333333334,-0.114737214,True,True,False,False,False,False,2
14/02/2015,2,0.3333333333333333,-0.5,-0.546751969,,-0.543478261,0,0,0,0,-0.541666667,-0.238606826,False,True,False,False,False,False,2
14/02/2015,2,0.3333333333333333,-0.5,0.7303149606299213,824,0.21739130434782608,0,0,0,1,0.5416666666666666,-0.365735919,True,True,False,False,False,False,2
14/02/2015,2,0.16666666666666666,-0.5,0.7303149606299213,957,0.5869565217391305,0,0,0,1,0.5416666666666666,-0.856900676,True,True,False,False,False,False,2
14/02/2015,2,0.8333333333333334,-1.5,-0.189468504,1039,-0.304347826,0.46,0,0,2,0.4375,-0.864665261,True,True,False,False,False,False,2
14/02/2015,2,0,0.5,0.17372047244094485,822,0.021739130434782608,0,0,0,0,0,-1.080699538,True,True,False,False,False,False,2
14/02/2015,2,-0.5,-2.5,0.7303149606299213,1261,0.5434782608695652,0.6,0,0,1,0.5,-1.363030275,True,True,False,False,False,False,2
14/02/2015,2,0,0.5,-0.608267717,,-0.543478261,0,0,0,0,-0.541666667,-1.450396089,False,True,False,False,False,False,2
14/02/2015,2,0.5,0.5,-0.557086614,,-0.543478261,0,0,0,0,-0.541666667,-2.677189444,False,True,False,False,False,False,2
15/02/2015,3,-0.833333333,0.5,-0.557086614,,-0.543478261,0,0,0,0,-0.541666667,1.7359949178521163,False,False,True,False,False,False,2
15/02/2015,3,-0.666666667,0.5,-0.557086614,,-0.543478261,0,0,0,0,-0.541666667,1.674415601,False,False,True,False,False,False,2
15/02/2015,3,-0.833333333,0.5,0.3572834645669291,1420,0.5217391304347826,2.26,0,0,0,0.4791666666666667,1.134795281243355,True,False,True,False,False,False,2
15/02/2015,3,1,0.5,-0.55019685,,-0.52173913,0,0,0,0,-0.520833333,0.5156963865261965,False,False,True,False,False,False,2
15/02/2015,3,1,0.5,0,1120,-0.456521739,1,0,0,0,0,0.13740238821819883,True,False,True,False,False,False,2
15/02/2015,3,-0.166666667,0,-0.546751969,,-0.673913043,0,0,0,0,-0.666666667,-0.062517073,False,False,True,False,False,False,2
15/02/2015,3,-0.166666667,0.5,0.7303149606299213,679,0.5760869565217391,0,0,0,0,0.53125,-0.253892866,True,False,True,False,False,False,2
15/02/2015,3,0.8333333333333334,-1.5,-0.608267717,,-0.5,0,0,0,0,-0.5,-0.290079218,False,False,True,False,False,False,2
15/02/2015,3,0.16666666666666666,-0.5,0.7303149606299213,881,0.5652173913043478,0,0,0,1,0.5208333333333334,-0.363602121,True,False,True,False,False,False,2
15/02/2015,3,0.3333333333333333,-0.5,0.7303149606299213,507,0.34782608695652173,0.8,2,10,1,0.5208333333333334,-0.363900548,True,False,True,False,False,False,2
15/02/2015,3,0,0,0.17372047244094485,814,0.021739130434782608,0,0,0,0,0,-0.458801764,True,False,True,False,False,False,2
15/02/2015,3,0.8333333333333334,-1,-0.189468504,700,-0.239130435,0.46,0,0,2,0.3958333333333333,-0.615716221,True,False,True,False,False,False,2
15/02/2015,3,0.3333333333333333,-0.5,-0.546751969,,-0.543478261,0,0,0,0,-0.541666667,-0.840854629,False,False,True,False,False,False,2
15/02/2015,3,0,0.5,-0.608267717,,-0.543478261,0,0,0,0,-0.541666667,-0.846064382,False,False,True,False,False,False,2
15/02/2015,3,-0.333333333,0,0.7303149606299213,919,0.5760869565217391,0,0,0,1,0.53125,-0.873768027,True,False,True,False,False,False,2
15/02/2015,3,-0.5,-1.5,0.7303149606299213,1361,0.5434782608695652,0.6,0,0,1,0.5,-1.488481199,True,False,True,False,False,False,2
15/02/2015,3,-0.666666667,0.5,0.3572834645669291,12,0.532608696,0,0,0,0,0.4895833333333333,-1.706518203,True,False,True,False,False,False,2
15/02/2015,3,-0.333333333,0,-0.546751969,,-0.282608696,0,0,0,0,-0.291666667,-2.432122518,False,False,True,False,False,False,2
15/02/2015,3,0.5,-2.5,0.17372047244094485,1688,0.2391304347826087,0,0,0,1,0.4166666666666667,-2.452063864,True,False,True,False,False,False,2
16/02/2015,3,-0.833333333,0.5,0.3572834645669291,1422,0.5217391304347826,2.26,0,0,0,0.4791666666666667,1.134795281243355,True,False,False,False,False,False,2
16/02/2015,3,0.5,0.5,-0.557086614,,-0.5,0,0,0,0,-0.5,0.9357555454819159,False,False,False,False,False,False,2
16/02/2015,3,1,0.5,-0.55019685,,-0.52173913,0,0,0,0,-0.520833333,0.5912725856304102,False,False,False,False,False,False,2
16/02/2015,3,-0.5,-2.5,-0.546751969,,-0.543478261,0,0,0,0,-0.541666667,0.4563746313480751,False,False,False,False,False,False,2
16/02/2015,3,-0.5,-1,0.7303149606299213,1263,-0.608695652,1.26,0,0,1,0.5,0.14458941592359484,True,False,False,False,False,False,2
16/02/2015,3,-0.166666667,0.5,0.7303149606299213,461,-0.717391304,0,0,0,0,0.5208333333333334,0.13827305598886042,True,False,False,False,False,False,2
16/02/2015,3,1,0.5,0,1079,-0.043478261,0.76,0,0,0,0,0.13493205859588198,True,False,False,False,False,False,2
16/02/2015,3,0,0.5,-0.608267717,,-0.543478261,0,0,0,0,-0.541666667,0,False,False,False,False,False,False,2
16/02/2015,3,0,0,0.17372047244094485,895,0,0,0,0,0,-0.020833333,-0.113442595,True,False,False,False,False,False,2
16/02/2015,3,-0.333333333,0,0.7303149606299213,912,0.5543478260869565,0,0,0,1,0.5,-0.114917423,True,False,False,False,False,False,2
16/02/2015,3,-0.333333333,0,-0.546751969,,-0.391304348,0,0,0,0,-0.395833333,-0.255069657,False,False,False,False,False,False,2
16/02/2015,3,0.16666666666666666,-0.5,0.7303149606299213,784,-0.608695652,0.6,0,0,1,0.5208333333333334,-0.364466752,True,False,False,False,False,False,2
16/02/2015,3,-0.166666667,0,-0.546751969,,-0.5,0,0,0,0,-0.5,-0.719779895,False,False,False,False,False,False,2
16/02/2015,3,0.3333333333333333,-0.5,0.7303149606299213,7,0.5652173913043478,0.54,2,10,2,0.5208333333333334,-0.757014643,True,False,False,False,False,False,2
16/02/2015,3,0.8333333333333334,-0.5,-0.189468504,680,-0.326086957,0.6,0,0,2,0.4166666666666667,-1.037088774,True,False,False,False,False,False,2
16/02/2015,3,0.6666666666666666,-1.5,0.14566929133858264,1131,0.2391304347826087,0,0,0,1,0.20833333333333334,-2.0900973,True,False,False,False,False,False,2
16/02/2015,3,0.5,-1.5,0.17372047244094485,2103,0.2608695652173913,0,0,0,1,0.4166666666666667,-2.217447833,True,False,False,False,False,False,2
16/02/2015,3,0.16666666666666666,-0.5,-0.546751969,,-0.391304348,0,0,0,0,-0.395833333,-2.577370519,False,False,False,False,False,False,2
17/02/2015,3,-0.833333333,0.5,0.3572834645669291,1445,0.5217391304347826,2.26,0,0,0,0.4791666666666667,1.134795281243355,True,False,False,False,True,False,2
17/02/2015,3,0.6666666666666666,0.5,-0.557086614,,-0.543478261,0,0,0,0,-0.541666667,0.7712522912882279,False,False,False,False,True,False,2
17/02/2015,3,0.16666666666666666,-0.5,-0.498523622,,-0.5,0,0,0,0,-0.5,0.702275119,False,False,False,False,True,False,2
17/02/2015,3,1,0.5,-0.498523622,,-0.52173913,0,0,0,0,-0.520833333,0.6460097538036663,False,False,False,False,True,False,2
17/02/2015,3,1,0.5,0,1133,0.021739130434782608,0.76,0,0,0,0,0.13538011095450103,True,False,False,False,True,False,2
17/02/2015,3,-0.5,-2.5,-0.498523622,,-0.391304348,0,0,0,0,-0.395833333,0.066351455,False,False,False,False,True,False,2
17/02/2015,3,0,0,0.17372047244094485,726,-0.108695652,0,0,0,0,-0.020833333,-0.113590916,True,False,False,False,True,False,2
17/02/2015,3,-0.333333333,0,0.7303149606299213,849,0.5543478260869565,0.9,0,0,1,0.5,-0.114917423,True,False,False,False,True,False,2
17/02/2015,3,0,0.5,-0.608267717,,-0.543478261,0,0,0,0,-0.541666667,-0.120866337,False,False,False,False,True,False,2
17/02/2015,3,0.16666666666666666,-0.5,0.7303149606299213,562,-0.565217391,0.6,0,0,1,0.5208333333333334,-0.362324597,True,False,False,False,True,False,2
17/02/2015,3,0.8333333333333334,-0.5,-0.189468504,1054,-0.097826087,0.6,0,0,2,0.4583333333333333,-0.363695812,True,False,False,False,True,False,2
17/02/2015,3,-0.5,-0.5,0.7303149606299213,1422,0.5434782608695652,1,0,0,1,0.5,-0.363748761,True,False,False,False,True,False,2
17/02/2015,3,-0.333333333,0,-0.498523622,,-0.543478261,0,0,0,0,-0.541666667,-0.583492676,False,False,False,False,True,False,2
17/02/2015,3,-0.166666667,0.5,0.7303149606299213,680,0.5760869565217391,0,0,0,0,0.5208333333333334,-0.599673565,True,False,False,False,True,False,2
17/02/2015,3,0.5,-1,0.17372047244094485,2120,0.2826086956521739,0,0,0,1,0.3541666666666667,-0.616164933,True,False,False,False,True,False,2
17/02/2015,3,0.3333333333333333,-1.5,0.6958661417322834,179,-0.717391304,0.46,5,30,2,0.5,-0.861987535,True,False,False,False,True,False,2
17/02/2015,3,0.5,0.5,-0.557086614,,-0.543478261,0,0,0,0,-0.541666667,-0.936714137,False,False,False,False,True,False,2
17/02/2015,3,-0.666666667,0.5,-0.498523622,,-0.391304348,0,0,0,0,-0.395833333,-0.959928812,False,False,False,False,True,False,2
17/02/2015,3,-0.666666667,-2.5,0.7416338582677164,838,0.5,0,0,0,1,0.4583333333333333,-2.061872597,True,False,False,False,True,False,2
17/02/2015,3,0.6666666666666666,-1,0.14566929133858264,741,-0.717391304,0,8,35,1,0.3125,-2.356723528,True,False,False,False,True,False,2
18/02/2015,3,1,0.5,-0.498523622,,-0.5,0,0,0,0,-0.5,1.0926317217969057,False,False,False,False,False,True,2
18/02/2015,3,0,0.5,-0.608267717,,-0.456521739,0,0,0,0,-0.458333333,0.8178622399991217,False,False,False,False,False,True,2
18/02/2015,3,-0.666666667,0.5,-0.498523622,,-0.456521739,0,0,0,0,-0.458333333,0.7291574606109182,False,False,False,False,False,True,2
18/02/2015,3,0.8333333333333334,-0.5,-0.189468504,685,-0.108695652,0.6,0,0,2,0.4583333333333333,0.23896109288485626,True,False,False,False,False,True,2
18/02/2015,3,-0.333333333,0.5,0.7303149606299213,864,-0.630434783,1,0,0,1,0.5,0.13827305598886042,True,False,False,False,False,True,2
18/02/2015,3,-0.166666667,0.5,0.7303149606299213,511,-0.717391304,0,0,0,0,0.5208333333333334,0.13827305598886042,True,False,False,False,False,True,2
18/02/2015,3,1,0.5,0,1095,0.021739130434782608,1.26,0,0,0,0,0.13538011095450103,True,False,False,False,False,True,2
18/02/2015,3,-0.833333333,0.5,0.3572834645669291,1374,0,1.26,0,0,0,0.4791666666666667,0.1347686039580552,True,False,False,False,False,True,2
18/02/2015,3,0,0,0.17372047244094485,759,0,0.68,0,0,0,-0.020833333,-0.113442595,True,False,False,False,False,True,2
18/02/2015,3,0.16666666666666666,0,0.7303149606299213,553,-0.304347826,0.9,0,0,1,0.5208333333333334,-0.114034407,True,False,False,False,False,True,2
18/02/2015,3,-0.333333333,0,-0.498523622,,-0.543478261,0,0,0,0,-0.541666667,-0.19349034,False,False,False,False,False,True,2
18/02/2015,3,-0.5,-0.5,0.7303149606299213,1057,-0.717391304,0.8,0,0,1,0.5,-0.363748761,True,False,False,False,False,True,2
18/02/2015,3,0.5,-0.5,0.17372047244094485,1587,0.10869565217391304,0.6,0,0,1,0.3541666666666667,-0.366288045,True,False,False,False,False,True,2
18/02/2015,3,0.16666666666666666,-0.5,-0.498523622,,-0.543478261,0,0,0,0,-0.541666667,-0.507430239,False,False,False,False,False,True,2
18/02/2015,3,0.6666666666666666,0.5,-0.557086614,,-0.543478261,0,0,0,0,-0.541666667,-0.665598433,False,False,False,False,False,True,2
18/02/2015,3,0.3333333333333333,-0.5,-0.498523622,,-0.543478261,0,0,0,0,-0.541666667,-0.966930724,False,False,False,False,False,True,2
18/02/2015,3,0.5,0.5,-0.557086614,,-0.543478261,0,0,0,0,-0.541666667,-1.118013648,False,False,False,False,False,True,2
18/02/2015,3,-0.666666667,-1.5,0.7416338582677164,868,0.5217391304347826,0,0,0,1,0.4791666666666667,-2.226616837,True,False,False,False,False,True,2
18/02/2015,3,0.6666666666666666,-0.5,0.21751968503937008,1119,0.30434782608695654,0,8,35,1,0.2708333333333333,-2.349435932,True,False,False,False,False,True,2
18/02/2015,3,-0.5,-2.5,-0.498523622,,-0.543478261,0,0,0,0,-0.541666667,-2.584872568,False,False,False,False,False,True,2
18/02/2015,3,0.3333333333333333,-1,0.6958661417322834,962,0.10869565217391304,0,4.5,30,2,0.4791666666666667,-2.610383265,True,False,False,False,False,True,2
19/02/2015,3,-0.5,-2.5,-0.498523622,,-0.195652174,0,0,0,0,-0.458333333,0.21542341498039722,False,False,False,True,False,False,2
19/02/2015,3,1,0.5,0,1126,-0.52173913,0.76,0,0,0,0,0.136928199,True,False,False,True,False,False,2
19/02/2015,3,-0.833333333,0.5,0.3572834645669291,265,-0.02173913,1.26,0,0,0,0.4791666666666667,0.1357229645843988,True,False,False,True,False,False,2
19/02/2015,3,-0.333333333,0.5,0.7303149606299213,859,0.5543478260869565,1.26,0,0,1,0.5104166666666666,0.1338399703575054,True,False,False,True,False,False,2
19/02/2015,3,-0.166666667,0.5,0.7303149606299213,276,-0.608695652,1.26,3.5,15,0,0.53125,0.13328399852715825,True,False,False,True,False,False,2
19/02/2015,3,0,0.5,-0.608267717,,0.065217391,0,0,0,0,-0.333333333,0.06267144,False,False,False,True,False,False,2
19/02/2015,3,0,0,0.17372047244094485,899,0,1.12,0,0,0,-0.020833333,-0.113442595,True,False,False,True,False,False,2
19/02/2015,3,0.6666666666666666,0.5,-0.557086614,,-0.282608696,0,0,0,0,-0.5,-0.200332484,False,False,False,True,False,False,2
19/02/2015,3,-0.666666667,0.5,-0.498523622,,-0.065217391,0,0,0,0,-0.395833333,-0.316127996,False,False,False,True,False,False,2
19/02/2015,3,-0.5,-0.5,0.7303149606299213,247,0.5434782608695652,1,0,0,1,0.5,-0.363748761,True,False,False,True,False,False,2
19/02/2015,3,0.8333333333333334,-0.5,-0.189468504,653,-0.086956522,0.6,0,0,2,0.5,-0.364063882,True,False,False,True,False,False,2
19/02/2015,3,0.3333333333333333,-0.5,0.6958661417322834,1116,0.41304347826086957,0,0,0,2,0.4791666666666667,-0.366766825,True,False,False,True,False,False,2
19/02/2015,3,-0.333333333,0,-0.498523622,,-0.369565217,0,0,0,0,-0.541666667,-0.446649751,False,False,False,True,False,False,2
19/02/2015,3,0.3333333333333333,-0.5,-0.498523622,,-0.369565217,0,0,0,0,-0.541666667,-0.506127798,False,False,False,True,False,False,2
19/02/2015,3,0.5,-0.5,0.17372047244094485,1603,0.391304348,0.6,0,0,1,0.3541666666666667,-0.673778772,True,False,False,True,False,False,2
19/02/2015,3,-0.166666667,0,-0.498523622,,-0.369565217,0,0,0,0,-0.541666667,-0.710089748,False,False,False,True,False,False,2
19/02/2015,3,0.16666666666666666,0,0.7303149606299213,444,-0.717391304,0,5,20,1,0.5208333333333334,-0.811185507,True,False,False,True,False,False,2
19/02/2015,3,1,0.5,-0.498523622,,-0.326086957,0,0,0,0,-0.520833333,-0.818973654,False,False,False,True,False,False,2
19/02/2015,3,-0.666666667,-1,0.7416338582677164,841,0.5217391304347826,0,0,0,1,0.4791666666666667,-0.940344519,True,False,False,True,False,False,2
19/02/2015,3,0.6666666666666666,-0.5,0.21751968503937008,1410,0.32608695652173914,0,0,0,1,0.2916666666666667,-2.620298907,True,False,False,True,False,False,2
22/02/2015,4,-0.5,-2.5,-0.498523622,,-0.391304348,0,0,0,0,-0.395833333,0.4939682327846913,False,False,True,False,False,False,2
22/02/2015,4,0,0.5,-0.608267717,,-0.543478261,0,0,0,0,-0.541666667,0.293100878,False,False,True,False,False,False,2
22/02/2015,4,-0.666666667,0.5,-0.498523622,,0.15217391304347827,0,0,0,0,-0.291666667,0.2837233170006401,False,False,True,False,False,False,2
22/02/2015,4,0.8333333333333334,-1.5,-0.608267717,,-0.195652174,0,0,0,0,-0.458333333,0.1611551248530461,False,False,True,False,False,False,2
22/02/2015,4,1,0.5,0,1103,0.021739130434782608,1.26,0,0,0,0,0.13538011095450103,True,False,True,False,False,False,2
22/02/2015,4,-0.333333333,0.5,0.7303149606299213,922,0.33695652173913043,1.26,0,0,1,0.5208333333333334,0.13338451097610263,True,False,True,False,False,False,2
22/02/2015,4,1,0.5,-0.498523622,,-0.282608696,0,0,0,0,-0.5,0.052097562,False,False,True,False,False,False,2
22/02/2015,4,0.5,0.5,-0.557086614,,-0.282608696,0,0,0,0,-0.5,-0.09906872,False,False,True,False,False,False,2
22/02/2015,4,0,0,0.17372047244094485,1055,0,0.9,0,0,0,-0.020833333,-0.113442595,True,False,True,False,False,False,2
22/02/2015,4,-0.833333333,0.5,-0.557086614,,-0.195652174,0,0,0,0,-0.458333333,-0.229981786,False,False,True,False,False,False,2
22/02/2015,4,0.3333333333333333,-0.5,0.6958661417322834,1146,0.5217391304347826,0.8,0,0,2,0.4791666666666667,-0.363695812,True,False,True,False,False,False,2
22/02/2015,4,-0.666666667,-0.5,0.7416338582677164,746,0.5217391304347826,0,0,0,1,0.4791666666666667,-0.363739684,True,False,True,False,False,False,2
22/02/2015,4,0.8333333333333334,0,-0.189468504,834,-0.086956522,0,0,0,2,0.5,-0.506100851,True,False,True,False,False,False,2
22/02/2015,4,0.5,-0.5,0.17372047244094485,1717,-0.130434783,0.6,0,0,1,0.4791666666666667,-0.7318106,True,False,True,False,False,False,2
22/02/2015,4,-0.5,-0.5,0.7303149606299213,1041,0.7608695652173914,0.66,0,0,2,0.5,-0.733978217,True,False,True,False,False,False,2
22/02/2015,4,0.6666666666666666,-0.5,0.29478346456692917,1531,0.3695652173913043,0,0,0,1,0.3333333333333333,-1.582723891,True,False,True,False,False,False,2
22/02/2015,4,0.16666666666666666,0,0.7303149606299213,627,0.5434782608695652,0,3.5,20,1,0.5,-1.899441128,True,False,True,False,False,False,2
22/02/2015,4,0.6666666666666666,0.5,-0.557086614,,-0.543478261,0,0,0,0,-0.541666667,-1.938237643,False,False,True,False,False,False,2
22/02/2015,4,-0.166666667,0.5,0.7303149606299213,450,0.31521739130434784,0,4.5,25,0,0.5416666666666666,-2.329795614,True,False,True,False,False,False,2
22/02/2015,4,0.16666666666666666,-0.5,-0.498523622,,-0.543478261,0,0,0,0,-0.541666667,-2.4475434,False,False,True,False,False,False,2
23/02/2015,4,0.6666666666666666,0.5,-0.557086614,,-0.282608696,0,0,0,0,-0.291666667,0.9125408757877689,False,False,False,False,False,False,2
23/02/2015,4,0.3333333333333333,-0.5,-0.498523622,,-0.543478261,0,0,0,0,-0.541666667,0.785631218,False,False,False,False,False,False,2
23/02/2015,4,1,0.5,-0.498523622,,-0.52173913,0,0,0,0,-0.520833333,0.6460097538036663,False,False,False,False,False,False,2
23/02/2015,4,-0.5,0.5,-0.498523622,,-0.326086957,0,0,0,0,-0.333333333,0.4892169352528483,False,False,False,False,False,False,2
23/02/2015,4,1,0.5,0,1060,0.021739130434782608,1.26,0,0,0,0,0.13538011095450103,True,False,False,False,False,False,2
23/02/2015,4,-0.333333333,0.5,0.7303149606299213,891,0.5760869565217391,0.76,0,0,1,0.5208333333333334,0.13405621941295967,True,False,False,False,False,False,2
23/02/2015,4,-0.166666667,0.5,0.7303149606299213,541,0.5760869565217391,0.76,0,0,0,0.5208333333333334,0.13405621941295967,True,False,False,False,False,False,2
23/02/2015,4,0.16666666666666666,0,0.7303149606299213,709,0.5434782608695652,0.9,0,0,1,0.5,-0.112846907,True,False,False,False,False,False,2
23/02/2015,4,0,0,0.17372047244094485,1100,0,0.9,0,0,0,-0.020833333,-0.113442595,True,False,False,False,False,False,2
23/02/2015,4,0.8333333333333334,0,-0.189468504,826,-0.206521739,0,0,0,2,0.5,-0.115228438,True,False,False,False,False,False,2
23/02/2015,4,-0.666666667,-0.5,0.7416338582677164,577,-0.326086957,0.6,0,0,1,0.5,-0.363650974,True,False,False,False,False,False,2
23/02/2015,4,0.3333333333333333,-0.5,0.6958661417322834,1094,0.5217391304347826,0.8,0,0,2,0.4791666666666667,-0.363695812,True,False,False,False,False,False,2
23/02/2015,4,-0.5,-0.5,0.6958661417322834,1228,0.5434782608695652,0.6,0,0,2,0.5,-0.364955986,True,False,False,False,False,False,2
23/02/2015,4,0.5,-0.5,0.17372047244094485,1641,0.3695652173913043,0.8,0,0,1,0.3333333333333333,-0.860501659,True,False,False,False,False,False,2
23/02/2015,4,0.6666666666666666,-0.5,0.29478346456692917,1583,0.3695652173913043,0,0,0,1,0.3333333333333333,-1.777568766,True,False,False,False,False,False,2
23/02/2015,4,0,0.5,-0.608267717,,-0.543478261,0,0,0,0,-0.541666667,-2.009402913,False,False,False,False,False,False,2
23/02/2015,4,0.5,0.5,-0.608267717,,-0.543478261,0,0,0,0,-0.541666667,-2.009402913,False,False,False,False,False,False,2
23/02/2015,4,-0.666666667,0.5,-0.498523622,,-0.543478261,0,0,0,0,-0.541666667,-2.023625547,False,False,False,False,False,False,2
23/02/2015,4,0.16666666666666666,-0.5,-0.498523622,,-0.543478261,0,0,0,0,-0.541666667,-2.084944377,False,False,False,False,False,False,2
24/02/2015,4,0.6666666666666666,-0.5,-0.608267717,,-0.391304348,0,0,0,0,-0.395833333,0.6446204844080873,False,False,False,False,True,False,2
24/02/2015,4,-0.5,0.5,-0.524606299,,-0.456521739,0,0,0,0,-0.458333333,0.19032975715338096,False,False,False,False,True,False,2
24/02/2015,4,1,0.5,0,1062,0.021739130434782608,1,0,0,0,0,0.13538011095450103,True,False,False,False,True,False,2
24/02/2015,4,-0.166666667,0.5,0.7303149606299213,450,0.5760869565217391,1,0,0,0,0.5416666666666666,0.13405621941295967,True,False,False,False,True,False,2
24/02/2015,4,-0.333333333,0.5,0.7303149606299213,901,0.45652173913043476,1,0,0,1,0.5208333333333334,0.13372905006628286,True,False,False,False,True,False,2
24/02/2015,4,0.3333333333333333,-0.5,-0.524606299,,-0.543478261,0,0,0,0,-0.541666667,0.090649756,False,False,False,False,True,False,2
24/02/2015,4,0.16666666666666666,0,0.7303149606299213,739,0.30434782608695654,0.9,0,0,1,0.5208333333333334,-0.113060911,True,False,False,False,True,False,2
24/02/2015,4,0,0,0.17372047244094485,913,-0.108695652,0.9,0,0,0,-0.020833333,-0.113442595,True,False,False,False,True,False,2
24/02/2015,4,0.8333333333333334,0,-0.179625984,698,-0.108695652,0.68,0,0,2,0.4791666666666667,-0.114511592,True,False,False,False,True,False,2
24/02/2015,4,-0.5,0,0.6958661417322834,1172,0.25,0.9,0,0,2,0.5416666666666666,-0.115813337,True,False,False,False,True,False,2
24/02/2015,4,0,0,-0.608267717,,-0.391304348,0,0,0,0,-0.395833333,-0.232063374,False,False,False,False,True,False,2
24/02/2015,4,0.5,-0.5,-0.608267717,,-0.391304348,0,0,0,0,-0.395833333,-0.232063374,False,False,False,False,True,False,2
24/02/2015,4,-0.666666667,-0.5,0.7416338582677164,408,-0.413043478,0.6,0,0,1,0.5208333333333334,-0.363650974,True,False,False,False,True,False,2
24/02/2015,4,0.3333333333333333,-0.5,0.6958661417322834,1079,0.10869565217391304,0.8,0,0,2,0.5,-0.364173522,True,False,False,False,True,False,2
24/02/2015,4,0.5,-0.5,0.17372047244094485,1068,-0.173913043,0.6,0,0,1,0.375,-0.3654825,True,False,False,False,True,False,2
24/02/2015,4,0.8333333333333334,-0.5,-0.608267717,,-0.543478261,0,0,0,0,-0.541666667,-1.343596088,False,False,False,False,True,False,2
24/02/2015,4,0.6666666666666666,-0.5,0.29478346456692917,1834,0.43478260869565216,0,0,0,1,0.3958333333333333,-1.511536996,True,False,False,False,True,False,2
24/02/2015,4,-0.666666667,-0.5,-0.559055118,,-0.543478261,0,0,0,0,-0.541666667,-2.242279009,False,False,False,False,True,False,2
24/02/2015,4,-0.833333333,-1.5,0.3577755905511812,708,0.1956521739130435,0,0,0,1,0.16666666666666666,-2.526285138,True,False,False,False,True,False,2
25/02/2015,4,0.5,0,0.17372047244094485,1085,0.41304347826086957,1.12,0,0,1,0.375,0.987686397,True,False,False,False,False,True,2
25/02/2015,4,-0.166666667,0.5,-0.524606299,,-0.52173913,0,0,0,0,-0.520833333,0.6483252011291766,False,False,False,False,False,True,2
25/02/2015,4,-0.5,0.5,-0.524606299,,-0.282608696,0,0,0,0,-0.291666667,0.637674142,False,False,False,False,False,True,2
25/02/2015,4,1,0.5,-0.524606299,,-0.391304348,0,0,0,0,-0.395833333,0.631283512,False,False,False,False,False,True,2
25/02/2015,4,0.6666666666666666,-0.5,-0.608267717,,-0.5,0,0,0,0,-0.5,0.3625990221669636,False,False,False,False,False,True,2
25/02/2015,4,-0.333333333,0.5,0.7303149606299213,323,0.021739130434782608,1,0,0,1,0.5208333333333334,0.1374140714087613,True,False,False,False,False,True,2
25/02/2015,4,1,0.5,0,1053,0.021739130434782608,1,0,0,0,0,0.13538011095450103,True,False,False,False,False,True,2
25/02/2015,4,0.16666666666666666,0.5,0.7303149606299213,786,0.5652173913043478,1,0,0,2,0.5208333333333334,0.1339490101351778,True,False,False,False,False,True,2
25/02/2015,4,0,0,0.17372047244094485,1003,0,0.9,0,0,1,-0.020833333,-0.113442595,True,False,False,False,False,True,2
25/02/2015,4,0.8333333333333334,0,-0.179625984,635,-0.108695652,0.9,0,0,0,0.4791666666666667,-0.114179991,True,False,False,False,False,True,2
25/02/2015,4,-0.5,0,0.6958661417322834,1283,0.5434782608695652,0.9,0,0,2,0.5,-0.115663767,True,False,False,False,False,True,2
25/02/2015,4,0.3333333333333333,-0.5,0.6958661417322834,847,0.5434782608695652,0.6,0,0,1,0.5,-0.364955986,True,False,False,False,False,True,2
25/02/2015,4,-0.666666667,-0.5,0.7416338582677164,361,0,0.6,0,0,1,0.5,-0.366417675,True,False,False,False,False,True,2
25/02/2015,4,0.6666666666666666,-0.5,0.3228346456692914,1653,0.41304347826086957,0,0,0,2,0.375,-0.366475081,True,False,False,False,False,True,2
25/02/2015,4,0.16666666666666666,0,-0.524606299,,-0.543478261,0,0,0,0,-0.541666667,-0.48346536,False,False,False,False,False,True,2
25/02/2015,4,0.3333333333333333,-0.5,-0.524606299,,-0.543478261,0,0,0,0,-0.541666667,-0.574115115,False,False,False,False,False,True,2
25/02/2015,4,-0.166666667,0.5,0.7303149606299213,15,-0.5,0.98,0,0,1,0.5208333333333334,-0.872943362,True,False,False,False,False,True,2
25/02/2015,4,-0.833333333,-1,0.3577755905511812,762,0.1956521739130435,0,0,0,1,0.16666666666666666,-0.961274419,True,False,False,False,False,True,2
25/02/2015,4,-0.666666667,-0.5,-0.559055118,,-0.543478261,0,0,0,0,-0.541666667,-1.665246427,False,False,False,False,False,True,2
25/02/2015,4,0,0,-0.608267717,,-0.543478261,0,0,0,0,-0.541666667,-1.812995111,False,False,False,False,False,True,2
25/02/2015,4,0.5,-0.5,-0.608267717,,-0.543478261,0,0,0,0,-0.541666667,-1.812995111,False,False,False,False,False,True,2
26/02/2015,4,-0.5,0.5,-0.524606299,,0.42391304347826086,0,0,0,0,-0.395833333,0.7420545026641329,False,False,False,True,False,False,2
26/02/2015,4,-0.166666667,0.5,-0.524606299,,0.6521739130434783,0,0,0,0,-0.333333333,0.7415605377672589,False,False,False,True,False,False,2
26/02/2015,4,0.16666666666666666,0.5,0.7303149606299213,694,0.021739130434782608,1,0,0,1,0.5208333333333334,0.1374140714087613,True,False,False,True,False,False,2
26/02/2015,4,0.8333333333333334,0.5,-0.179625984,816,-0.206521739,1,0,0,2,0.4791666666666667,0.13595379762259305,True,False,False,True,False,False,2
26/02/2015,4,1,0.5,0,1065,0.021739130434782608,1.26,0,0,0,0,0.13538011095450103,True,False,False,True,False,False,2
26/02/2015,4,-0.833333333,-2.5,-0.557086614,,-0.108695652,0,0,0,0,-0.541666667,-0.022436682,False,False,False,True,False,False,2
26/02/2015,4,0,0,0.17372047244094485,912,0,0.9,0,0,0,-0.020833333,-0.113442595,True,False,False,True,False,False,2
26/02/2015,4,-0.5,0,0.6958661417322834,1244,0.5217391304347826,0.9,0,0,2,0.4791666666666667,-0.114329467,True,False,False,True,False,False,2
26/02/2015,4,0.5,0,0.17372047244094485,1020,0.30434782608695654,0.9,0,0,1,0.375,-0.114838551,True,False,False,True,False,False,2
26/02/2015,4,0.3333333333333333,0,0.6958661417322834,916,0.5434782608695652,1.12,0,0,2,0.5,-0.115663767,True,False,False,True,False,False,2
26/02/2015,4,0.6666666666666666,-0.5,0.3228346456692914,1591,-0.130434783,0,0,0,1,0.375,-0.365507616,True,False,False,True,False,False,2
26/02/2015,4,-0.666666667,-0.5,0.7416338582677164,398,0.5434782608695652,0,0,0,1,0.5,-0.554921659,True,False,False,True,False,False,2
26/02/2015,4,1,0.5,-0.524606299,,-0.032608696,0,0,0,0,-0.520833333,-0.913829803,False,False,False,True,False,False,2
26/02/2015,4,-0.666666667,-0.5,-0.559055118,,-0.543478261,0,0,0,0,-0.541666667,-1.084150236,False,False,False,True,False,False,2
26/02/2015,4,-0.333333333,0.5,0.7303149606299213,437,0.5652173913043478,0.64,0,0,2,0.5208333333333334,-1.388958406,True,False,False,True,False,False,2
26/02/2015,4,-0.166666667,-4,0.6013779527559056,413,0.5217391304347826,0.76,0,0,1,0.4791666666666667,-1.617283769,True,False,False,True,False,False,2
26/02/2015,4,0.6666666666666666,-0.5,-0.608267717,,-0.108695652,0,0,0,0,-0.541666667,-1.812995111,False,False,False,True,False,False,2
26/02/2015,4,0.5,0,-0.608267717,,-0.543478261,0,0,0,0,-0.541666667,-1.828103402,False,False,False,True,False,False,2
26/02/2015,4,-0.833333333,-4,0.5610236220472441,1164,0.4782608695652174,0.46,0,0,2,0.4375,-1.972729638,True,False,False,True,False,False,2
26/02/2015,4,0.3333333333333333,0,-0.524606299,,-0.108695652,0,0,0,0,-0.541666667,-1.984222426,False,False,False,True,False,False,2
26/02/2015,4,0,0,-0.608267717,,-0.108695652,0,0,0,0,-0.541666667,-2.507976568,False,False,False,True,False,False,2
28/02/2015,4,-0.5,0.5,-0.524606299,,0.42391304347826086,0,0,0,0,-0.395833333,0.7420545026641329,False,True,False,False,False,False,2
28/02/2015,4,-0.166666667,0.5,-0.524606299,,0.6521739130434783,0,0,0,0,-0.333333333,0.7415605377672589,False,True,False,False,False,False,2
28/02/2015,4,0.8333333333333334,0.5,-0.179625984,954,-0.717391304,1,0,0,2,0.5,0.13726591094762067,True,True,False,False,False,False,2
28/02/2015,4,1,0.5,0,1194,-0.40942029,1.24,0,0,0,0,0.13467421818224337,True,True,False,False,False,False,2
28/02/2015,4,0.16666666666666666,0.5,0.7303149606299213,644,-0.565217391,0.76,0,0,1,0.5208333333333334,0.13328399852715825,True,True,False,False,False,False,2
28/02/2015,4,-0.833333333,-2.5,-0.557086614,,-0.108695652,0,0,0,0,-0.541666667,-0.022436682,False,True,False,False,False,False,2
28/02/2015,4,-0.5,0,0.6958661417322834,1144,0.086956522,0.9,0,0,2,0.4791666666666667,-0.11311265,True,True,False,False,False,False,2
28/02/2015,4,0,0,0.17372047244094485,1012,0,0.9,0,0,0,-0.020833333,-0.113442595,True,True,False,False,False,False,2
28/02/2015,4,0.3333333333333333,0,0.6958661417322834,792,0.10869565217391304,1.12,0,0,2,0.5,-0.114568322,True,True,False,False,False,False,2
28/02/2015,4,0.5,0,0.17372047244094485,841,0.41304347826086957,0.9,0,0,1,0.375,-0.114720429,True,True,False,False,False,False,2
28/02/2015,4,0.6666666666666666,-0.5,0.3228346456692914,1448,0.391304348,0.8,0,0,1,0.3541666666666667,-0.365583497,True,True,False,False,False,False,2
28/02/2015,4,-0.666666667,-0.5,0.7416338582677164,512,0.10869565217391304,0,0,0,1,0.5,-0.365710982,True,True,False,False,False,False,2
28/02/2015,4,1,0.5,-0.524606299,,-0.032608696,0,0,0,0,-0.520833333,-0.913829803,False,True,False,False,False,False,2
28/02/2015,4,-0.666666667,-0.5,-0.559055118,,-0.543478261,0,0,0,0,-0.541666667,-1.084150236,False,True,False,False,False,False,2
28/02/2015,4,-0.166666667,-2.5,0.6013779527559056,609,0.5217391304347826,0.6,0,0,1,0.4791666666666667,-1.114953603,True,True,False,False,False,False,2
28/02/2015,4,-0.833333333,-2.5,0.5610236220472441,1448,0.5217391304347826,0.6,0,0,2,0.4791666666666667,-1.115222681,True,True,False,False,False,False,2
28/02/2015,4,-0.333333333,-2.5,0.5610236220472441,556,0.5434782608695652,0.46,0,0,2,0.5,-1.365749408,True,True,False,False,False,False,2
28/02/2015,4,0.6666666666666666,-0.5,-0.608267717,,-0.108695652,0,0,0,0,-0.541666667,-1.812995111,False,True,False,False,False,False,2
28/02/2015,4,0.5,0,-0.608267717,,-0.543478261,0,0,0,0,-0.541666667,-1.828103402,False,True,False,False,False,False,2
28/02/2015,4,0.3333333333333333,0,-0.524606299,,-0.108695652,0,0,0,0,-0.541666667,-1.984222426,False,True,False,False,False,False,2
28/02/2015,4,0,0,-0.608267717,,-0.108695652,0,0,0,0,-0.541666667,-2.507976568,False,True,False,False,False,False,2
01/03/2015,1,-0.5,0.5,-0.524606299,,1.184782608695652,0,0,0,0,-0.1875,0.8153337745004784,False,False,True,False,False,False,3
01/03/2015,1,0.3333333333333333,0,-0.524606299,,-0.108695652,0,0,0,0,-0.541666667,0.20144390231528375,False,False,True,False,False,False,3
01/03/2015,1,1,0.5,0,1106,0.021739130434782608,1.26,0,0,0,0,0.13538011095450103,True,False,True,False,False,False,3
01/03/2015,1,0.3333333333333333,0,0.6958661417322834,622,0.41304347826086957,1.12,0,0,0,0.4791666666666667,-0.11294751,True,False,True,False,False,False,3
01/03/2015,1,0,0,0.17372047244094485,1193,0,0.9,0,0,0,-0.020833333,-0.113442595,True,False,True,False,False,False,3
01/03/2015,1,-0.5,0,0.6958661417322834,1143,0.5217391304347826,0.9,0,0,0,0.4791666666666667,-0.114329467,True,False,True,False,False,False,3
01/03/2015,1,0.5,0,0.17372047244094485,895,0.41304347826086957,0.68,0,0,0,0.375,-0.114720429,True,False,True,False,False,False,3
01/03/2015,1,-0.166666667,-1.5,0.6013779527559056,549,0.5,0.76,0,0,0,0.4583333333333333,-0.32952451,True,False,True,False,False,False,3
01/03/2015,1,0.6666666666666666,-0.5,0.3228346456692914,1393,0.30434782608695654,0.6,0,0,0,0.375,-0.365583497,True,False,True,False,False,False,3
01/03/2015,1,-0.833333333,-1.5,0.5610236220472441,1578,0.5217391304347826,0.76,0,0,0,0.4791666666666667,-0.366667383,True,False,True,False,False,False,3
01/03/2015,1,-0.666666667,-0.5,0.7416338582677164,254,-0.391304348,0,0,0,0,0.5,-0.449036257,True,False,True,False,False,False,3
01/03/2015,1,0.8333333333333334,0.5,-0.179625984,347,-0.717391304,1,4,20,0,0.4791666666666667,-0.454625639,True,False,True,False,False,False,3
01/03/2015,1,-0.333333333,-1.5,-0.557086614,,-0.543478261,0,0,0,0,-0.541666667,-0.501386924,False,False,True,False,False,False,3
01/03/2015,1,0.6666666666666666,-0.5,-0.608267717,,-0.108695652,0,0,0,0,-0.541666667,-0.543898533,False,False,True,False,False,False,3
01/03/2015,1,-0.333333333,-1.5,0.5610236220472441,692,0.5217391304347826,0.46,0,0,0,0.4791666666666667,-0.86570425,True,False,True,False,False,False,3
01/03/2015,1,-0.666666667,-0.5,-0.559055118,,-0.543478261,0,0,0,0,-0.541666667,-0.941923895,False,False,True,False,False,False,3
01/03/2015,1,0.16666666666666666,0.5,0.7303149606299213,934,0.5434782608695652,0,3.5,15,0,0.5,-0.969373921,True,False,True,False,False,False,3
01/03/2015,1,-0.833333333,-1.5,-0.557086614,,-0.108695652,0,0,0,0,-0.541666667,-1.623498916,False,False,True,False,False,False,3
01/03/2015,1,0.5,0,-0.608267717,,-0.543478261,0,0,0,0,-0.541666667,-1.6316956,False,False,True,False,False,False,3
01/03/2015,1,0.16666666666666666,0.5,-0.524606299,,-0.108695652,0,0,0,0,-0.541666667,-2.115160959,False,False,True,False,False,False,3
02/03/2015,1,-0.666666667,-0.5,-0.559055118,,-0.5,0,0,0,0,-0.5,0.7777957432395213,False,False,False,False,False,False,3
02/03/2015,1,-0.5,0.5,-0.524606299,,1.108695652173913,0,0,0,0,-0.208333333,0.43530406218634293,False,False,False,False,False,False,3
02/03/2015,1,-0.333333333,-1,-0.557086614,,-0.543478261,0,0,0,0,-0.541666667,0.16777498767138316,False,False,False,False,False,False,3
02/03/2015,1,-0.833333333,-1,0.5610236220472441,1527,0.5217391304347826,1.3,0,0,0,0.4791666666666667,0.1362682084850553,True,False,False,False,False,False,3
02/03/2015,1,1,0.5,0,1035,0.021739130434782608,1.26,0,0,0,0,0.13538011095450103,True,False,False,False,False,False,3
02/03/2015,1,0.5,0,-0.608267717,,-0.5,0,0,0,0,-0.5,0.1353703032761219,False,False,False,False,False,False,3
02/03/2015,1,0.8333333333333334,0.5,-0.179625984,632,-0.717391304,1,0,0,0,0.4791666666666667,0.13491623427441804,True,False,False,False,False,False,3
02/03/2015,1,-0.5,0.5,0.6958661417322834,1231,0.13043478260869565,1,0,0,0,0.4791666666666667,0.13411902656496477,True,False,False,False,False,False,3
02/03/2015,1,0.16666666666666666,0.5,0.7303149606299213,616,0.5652173913043478,0,0,0,0,0.5208333333333334,0.1339490101351778,True,False,False,False,False,False,3
02/03/2015,1,0.3333333333333333,0,-0.524606299,,-0.108695652,0,0,0,0,-0.541666667,0,False,False,False,False,False,False,3
02/03/2015,1,0,0,0.17372047244094485,947,-0.195652174,0.68,0,0,0,-0.020833333,-0.112712401,True,False,False,False,False,False,3
02/03/2015,1,0.3333333333333333,0,0.6958661417322834,551,0.5217391304347826,0.9,0,0,0,0.4791666666666667,-0.114329467,True,False,False,False,False,False,3
02/03/2015,1,0.5,0,0.17372047244094485,935,0.41304347826086957,0.9,0,0,0,0.375,-0.114720429,True,False,False,False,False,False,3
02/03/2015,1,-0.333333333,-1,0.5610236220472441,832,0.5108695652173914,1.1,0,0,0,0.4791666666666667,-0.115423851,True,False,False,False,False,False,3
02/03/2015,1,-0.166666667,-1,0.6013779527559056,544,0.5,0.68,0,0,0,0.4583333333333333,-0.362247736,True,False,False,False,False,False,3
02/03/2015,1,0.6666666666666666,-0.5,0.3228346456692914,1511,-0.065217391,0.6,0,0,0,0.3541666666666667,-0.36608644,True,False,False,False,False,False,3
02/03/2015,1,0.6666666666666666,-0.5,-0.608267717,,-0.108695652,0,0,0,0,-0.541666667,-0.705053653,False,False,False,False,False,False,3
02/03/2015,1,1,0.5,-0.524606299,,-0.032608696,0,0,0,0,-0.520833333,-0.828621348,False,False,False,False,False,False,3
02/03/2015,1,-0.833333333,-1,-0.557086614,,-0.108695652,0,0,0,0,-0.541666667,-1.177390979,False,False,False,False,False,False,3
02/03/2015,1,0.16666666666666666,0.5,-0.524606299,,-0.108695652,0,0,0,0,-0.541666667,-2.155449742,False,False,False,False,False,False,3
03/03/2015,1,0.16666666666666666,0.5,-0.524606299,,0.043478260869565216,0,0,0,0,-0.5,1.1313089491609267,False,False,False,False,True,False,3
03/03/2015,1,-0.5,0.5,-0.524606299,,0.42391304347826086,0,0,0,0,-0.395833333,0.6483252011291766,False,False,False,False,True,False,3
03/03/2015,1,0.8333333333333334,0.5,-0.189468504,601,-0.717391304,1,0,0,0,0.4583333333333333,0.13687948541867315,True,False,False,False,True,False,3
03/03/2015,1,-0.833333333,-0.5,0.5610236220472441,1562,0.5434782608695652,1.2,0,0,0,0.5,0.13620099012839412,True,False,False,False,True,False,3
03/03/2015,1,1,0.5,0,983,0.021739130434782608,1,0,0,0,0,0.13538011095450103,True,False,False,False,True,False,3
03/03/2015,1,-0.5,0.5,0.6958661417322834,1156,0.5217391304347826,1,0,0,0,0.4791666666666667,0.13503687722080035,True,False,False,False,True,False,3
03/03/2015,1,0.16666666666666666,0.5,0.7303149606299213,29,0.5652173913043478,1,0,0,0,0.5208333333333334,0.1339490101351778,True,False,False,False,True,False,3
03/03/2015,1,-0.333333333,-0.5,0.5610236220472441,950,0.5434782608695652,1,0,0,0,0.5,-0.112846907,True,False,False,False,True,False,3
03/03/2015,1,0.3333333333333333,0,0.6958661417322834,534,0.5217391304347826,1.12,0,0,0,0.4791666666666667,-0.114329467,True,False,False,False,True,False,3
03/03/2015,1,0.5,0,0.17372047244094485,1096,0.41304347826086957,0.68,0,0,0,0.375,-0.114720429,True,False,False,False,True,False,3
03/03/2015,1,0,0,0.24311023622047243,402,-0.152173913,0.9,0,0,0,-0.020833333,-0.115635479,True,False,False,False,True,False,3
03/03/2015,1,0.3333333333333333,0,-0.524606299,,-0.108695652,0,0,0,0,-0.541666667,-0.352874141,False,False,False,False,True,False,3
03/03/2015,1,-0.166666667,-0.5,0.6013779527559056,573,0.5217391304347826,0.6,0,0,0,0.4791666666666667,-0.363467679,True,False,False,False,True,False,3
03/03/2015,1,0.6666666666666666,-0.5,0.3228346456692914,1313,0.1956521739130435,0.6,0,0,0,0.3541666666666667,-0.366844762,True,False,False,False,True,False,3
03/03/2015,1,1,0.5,-0.524606299,,-0.032608696,0,0,0,0,-0.520833333,-0.686607256,False,False,False,False,True,False,3
03/03/2015,1,-0.666666667,-3.5,-0.559055118,,0.42391304347826086,0,0,0,0,-0.395833333,-1.030059074,False,False,False,False,True,False,3
03/03/2015,1,-0.833333333,-0.5,-0.557086614,,-0.108695652,0,0,0,0,-0.541666667,-1.089811502,False,False,False,False,True,False,3
03/03/2015,1,-0.333333333,-0.5,-0.557086614,,-0.108695652,0,0,0,0,-0.541666667,-1.089811502,False,False,False,False,True,False,3
03/03/2015,1,0.6666666666666666,-0.5,-0.608267717,,-0.108695652,0,0,0,0,-0.541666667,-1.55111804,False,False,False,False,True,False,3
03/03/2015,1,-0.166666667,-0.5,-0.524606299,,-0.108695652,0,0,0,0,-0.541666667,-2.095016573,False,False,False,False,True,False,3
03/03/2015,1,0,0,-0.608267717,,-0.108695652,0,0,0,0,-0.541666667,-2.320633742,False,False,False,False,True,False,3
03/03/2015,1,-0.666666667,-3.5,0.000984252,157,0.2608695652173913,0,6.5,30,1,0.22916666666666666,-2.353457521,True,False,False,False,True,False,3
04/03/2015,1,-0.5,0.5,-0.524606299,,-0.5,0,0,0,0,-0.5,0.8293931689805168,False,False,False,False,False,True,3
04/03/2015,1,0.3333333333333333,0.5,-0.524606299,,-0.543478261,0,0,0,0,-0.541666667,0.785631218,False,False,False,False,False,True,3
04/03/2015,1,1,0.5,-0.524606299,,-0.52173913,0,0,0,0,-0.520833333,0.563116747,False,False,False,False,False,True,3
04/03/2015,1,0.5,0,-0.608267717,,-0.543478261,0,0,0,0,-0.541666667,0.30216585347292507,False,False,False,False,False,True,3
04/03/2015,1,-0.833333333,-0.5,-0.557086614,,-0.543478261,0,0,0,0,-0.541666667,0.16777498767138316,False,False,False,False,False,True,3
04/03/2015,1,-0.333333333,-0.5,-0.557086614,,-0.543478261,0,0,0,0,-0.541666667,0.16366969655743288,False,False,False,False,False,True,3
04/03/2015,1,0.8333333333333334,0.5,-0.189468504,433,-0.717391304,0.76,0,0,0,0.4583333333333333,0.13687948541867315,True,False,False,False,False,True,3
04/03/2015,1,1,0.5,0,961,0.021739130434782608,1,0,0,0,0,0.13538011095450103,True,False,False,False,False,True,3
04/03/2015,1,-0.5,0.5,0.6958661417322834,1169,0.5217391304347826,1.26,0,0,0,0.4791666666666667,0.13503687722080035,True,False,False,False,False,True,3
04/03/2015,1,0.16666666666666666,0.5,0.7303149606299213,874,0,1,0,0,0,0.5208333333333334,0.1336486431079463,True,False,False,False,False,True,3
04/03/2015,1,-0.333333333,-0.5,0.5688976377952756,1028,0.5434782608695652,1.2,0,0,0,0.5,0.13324903397868965,True,False,False,False,False,True,3
04/03/2015,1,-0.833333333,-0.5,0.5688976377952756,1772,0.5434782608695652,1,0,0,0,0.5,-0.113439024,True,False,False,False,False,True,3
04/03/2015,1,0.5,0,0.17372047244094485,1206,0.41304347826086957,0.68,0,0,0,0.375,-0.114720429,True,False,False,False,False,True,3
04/03/2015,1,-0.166666667,-0.5,0.6013779527559056,586,0.5434782608695652,0.8,0,0,0,0.5,-0.364645556,True,False,False,False,False,True,3
04/03/2015,1,0.6666666666666666,-0.5,0.3228346456692914,1334,0.32608695652173914,0.6,0,0,0,0.3958333333333333,-0.366475081,True,False,False,False,False,True,3
04/03/2015,1,0.16666666666666666,0.5,-0.524606299,,0.8043478260869565,0,0,0,0,-0.291666667,-0.442343019,False,False,False,False,False,True,3
04/03/2015,1,-0.166666667,-0.5,-0.524606299,,-0.543478261,0,0,0,0,-0.541666667,-0.906497555,False,False,False,False,False,True,3
04/03/2015,1,-0.666666667,-2.5,-0.559055118,,-0.543478261,0,0,0,0,-0.541666667,-1.16542243,False,False,False,False,False,True,3
04/03/2015,1,0.3333333333333333,0.5,0.6958661417322834,30,0.5217391304347826,0,0,0,0,0.4791666666666667,-1.700815351,True,False,False,False,False,True,3
04/03/2015,1,-0.666666667,-2.5,0.000984252,261,0.2826086956521739,0,0,0,1,0.25,-1.846446271,True,False,False,False,False,True,3
04/03/2015,1,0,0,0.17372047244094485,52,0,0,0,0,0,-0.020833333,-2.206536923,True,False,False,False,False,True,3
05/03/2015,1,0.3333333333333333,0.5,-0.524606299,,-0.239130435,0,0,0,0,-0.25,1.0385411902136354,False,False,False,True,False,False,3
05/03/2015,1,-0.666666667,-1.5,-0.559055118,,-0.543478261,0,0,0,0,-0.541666667,0.8867004840351856,False,False,False,True,False,False,3
05/03/2015,1,0.8333333333333334,0.5,-0.608267717,,-0.5,0,0,0,0,-0.5,0.7700019498324799,False,False,False,True,False,False,3
05/03/2015,1,1,0.5,-0.524606299,,-0.52173913,0,0,0,0,-0.520833333,0.47790829197545603,False,False,False,True,False,False,3
05/03/2015,1,-0.833333333,-0.5,-0.557086614,,-0.543478261,0,0,0,0,-0.541666667,0.19651200046220665,False,False,False,True,False,False,3
05/03/2015,1,-0.333333333,-0.5,-0.557086614,,-0.543478261,0,0,0,0,-0.541666667,0.19651200046220665,False,False,False,True,False,False,3
05/03/2015,1,-0.5,0.5,-0.524606299,,-0.391304348,0,0,0,0,-0.395833333,0.18393912193480938,False,False,False,True,False,False,3
05/03/2015,1,0.8333333333333334,0.5,-0.189468504,455,-0.097826087,1,0,0,0,0.4583333333333333,0.13687948541867315,True,False,False,True,False,False,3
05/03/2015,1,-0.5,0.5,0.6958661417322834,797,-0.391304348,1.26,0,0,0,0.4791666666666667,0.1360453826335438,True,False,False,True,False,False,3
05/03/2015,1,1,0.5,0,959,0.021739130434782608,1,0,0,0,0,0.13538011095450103,True,False,False,True,False,False,3
05/03/2015,1,-0.833333333,-0.5,0.5688976377952756,1373,0.5434782608695652,1,0,0,0,0.5,-0.113439024,True,False,False,True,False,False,3
05/03/2015,1,0.5,0,0.17372047244094485,1228,0.41304347826086957,0.9,0,0,0,0.375,-0.114720429,True,False,False,True,False,False,3
05/03/2015,1,-0.333333333,-0.5,0.5688976377952756,1117,0.5652173913043478,1,0,0,0,0.5208333333333334,-0.11644423,True,False,False,True,False,False,3
05/03/2015,1,-0.166666667,-0.5,0.6013779527559056,230,0.5434782608695652,0.8,0,0,0,0.5,-0.364645556,True,False,False,True,False,False,3
05/03/2015,1,0.6666666666666666,-0.5,0.3228346456692914,1390,0.3695652173913043,0.6,0,0,0,0.3333333333333333,-0.364656249,True,False,False,True,False,False,3
05/03/2015,1,-0.666666667,-1.5,0.000984252,529,-0.47826087,0,0,0,1,0.25,-0.866407547,True,False,False,True,False,False,3
05/03/2015,1,0.5,0,-0.608267717,,-0.543478261,0,0,0,0,-0.541666667,-1.601479013,False,False,False,True,False,False,3
05/03/2015,1,0.16666666666666666,0.5,0.7303149606299213,834,-0.5,0,4,40,0,0.5208333333333334,-2.036955322,True,False,False,True,False,False,3
05/03/2015,1,0,-4,0.3577755905511812,1450,-0.239130435,0,0,0,1,0.10416666666666667,-2.548893642,True,False,False,True,False,False,3
07/03/2015,1,1,0.5,-0.524606299,,-0.52173913,0,0,0,0,-0.520833333,0.47790829197545603,False,True,False,False,False,False,3
07/03/2015,1,1,0.5,0,986,0.021739130434782608,1.5,0,0,0,0,0.3860416991276148,True,True,False,False,False,False,3
07/03/2015,1,-0.833333333,-0.5,0.5688976377952756,1267,0.7608695652173914,1.4,0,0,0,0.5,0.38366310955858984,True,True,False,False,False,False,3
07/03/2015,1,0.16666666666666666,0.5,-0.524606299,,0.3695652173913043,0,0,0,0,-0.1875,0.2606267295535743,False,True,False,False,False,False,3
07/03/2015,1,-0.166666667,-4,-0.557086614,,-0.282608696,0,0,0,0,-0.5,0.16212761042913215,False,True,False,False,False,False,3
07/03/2015,1,-0.333333333,-0.5,0.5688976377952756,1195,0.5434782608695652,1.2,0,0,0,0.5,0.13710353660481162,True,True,False,False,False,False,3
07/03/2015,1,-0.5,0.5,0.6958661417322834,983,0.5217391304347826,1.26,0,0,1,0.4791666666666667,0.13626528268604887,True,True,False,False,False,False,3
07/03/2015,1,0.8333333333333334,0.5,-0.189468504,471,-0.097826087,1,0,0,0,0.5,0.1335423190719156,True,True,False,False,False,False,3
07/03/2015,1,0,-2.5,-0.608267717,,-0.543478261,0,0,0,0,-0.541666667,0.12086634238944328,False,True,False,False,False,False,3
07/03/2015,1,0.5,0,0.17372047244094485,1226,-0.086956522,0.9,0,0,0,0.3541666666666667,-0.116762932,True,True,False,False,False,False,3
07/03/2015,1,0.6666666666666666,-0.5,0.3228346456692914,1251,0.3695652173913043,0.6,0,0,0,0.3333333333333333,-0.364656249,True,True,False,False,False,False,3
07/03/2015,1,-0.833333333,-0.5,-0.557086614,,-0.543478261,0,0,0,0,-0.541666667,-0.5424398,False,True,False,False,False,False,3
07/03/2015,1,-0.333333333,-0.5,-0.557086614,,-0.543478261,0,0,0,0,-0.541666667,-0.5424398,False,True,False,False,False,False,3
07/03/2015,1,0.8333333333333334,0.5,-0.608267717,,-0.543478261,0,0,0,0,-0.541666667,-0.581408777,False,True,False,False,False,False,3
07/03/2015,1,-0.666666667,-1,0.041338582677165434,626,0.043478260869565216,0,0,0,1,0.22916666666666666,-0.615633238,True,True,False,False,False,False,3
07/03/2015,1,0.3333333333333333,0.5,-0.524606299,,-0.065217391,0,0,0,0,-0.395833333,-0.913212349,False,True,False,False,False,False,3
07/03/2015,1,-0.666666667,-1,-0.559055118,,-0.369565217,0,0,0,0,-0.541666667,-1.226376576,False,True,False,False,False,False,3
07/03/2015,1,0,-2.5,0.40108267716535434,1379,-0.304347826,0,0,0,1,0.10416666666666667,-1.364398794,True,True,False,False,False,False,3
07/03/2015,1,-0.166666667,-0.5,0.6013779527559056,541,0.5434782608695652,0.48,0,0,1,0.5,-1.822362609,True,True,False,False,False,False,3
08/03/2015,2,-0.5,0.5,-0.524606299,,-0.456521739,0,0,0,0,-0.458333333,0.893299506,False,False,True,False,False,False,3
08/03/2015,2,1,0.5,-0.524606299,,-0.52173913,0,0,0,0,-0.520833333,0.8613463400720103,False,False,True,False,False,False,3
08/03/2015,2,0.5,0,-0.608267717,,-0.52173913,0,0,0,0,-0.520833333,0.7789164192849426,False,False,True,False,False,False,3
08/03/2015,2,-0.833333333,0,-0.557086614,,-0.543478261,0,0,0,0,-0.541666667,0.586514341,False,False,True,False,False,False,3
08/03/2015,2,-0.333333333,0,-0.557086614,,-0.543478261,0,0,0,0,-0.541666667,0.586514341,False,False,True,False,False,False,3
08/03/2015,2,-0.666666667,-0.5,-0.559055118,,-0.5,0,0,0,0,-0.5,0.5534844860783034,False,False,True,False,False,False,3
08/03/2015,2,-0.166666667,-2.5,-0.557086614,,-0.543478261,0,0,0,0,-0.541666667,0.4230321958623684,False,False,True,False,False,False,3
08/03/2015,2,-0.333333333,0,0.5688976377952756,1082,0.5217391304347826,1.3,0,0,0,0.4791666666666667,0.3838592181138748,True,False,True,False,False,False,3
08/03/2015,2,-0.833333333,0,0.5688976377952756,1254,0.5434782608695652,1.3,0,0,0,0.5,0.38379159464658236,True,False,True,False,False,False,3
08/03/2015,2,-0.5,0.5,0.7303149606299213,1278,-0.108695652,1,0,0,1,0.4791666666666667,0.13592579497535026,True,False,True,False,False,False,3
08/03/2015,2,1,0.5,0,1064,0.021739130434782608,1.26,0,0,0,0,0.13538011095450103,True,False,True,False,False,False,3
08/03/2015,2,0.8333333333333334,0.5,-0.189468504,313,-0.097826087,1,0,0,0,0.5,0.1335423190719156,True,False,True,False,False,False,3
08/03/2015,2,0.8333333333333334,0.5,-0.608267717,,-0.543478261,0,0,0,0,-0.541666667,-0.090649756,False,False,True,False,False,False,3
08/03/2015,2,0.5,0,0.17372047244094485,1239,0.30434782608695654,0.9,0,0,0,0.375,-0.114838551,True,False,True,False,False,False,3
08/03/2015,2,0.6666666666666666,-0.5,0.3228346456692914,1335,0.3695652173913043,0.6,0,0,0,0.3333333333333333,-0.364656249,True,False,True,False,False,False,3
08/03/2015,2,-0.666666667,-0.5,0.041338582677165434,928,0.15217391304347827,0.6,0,0,1,0.22916666666666666,-0.366236375,True,False,True,False,False,False,3
08/03/2015,2,0,-1.5,0.40108267716535434,1266,-0.260869565,0.46,0,0,1,0.083333333,-0.861716536,True,False,True,False,False,False,3
08/03/2015,2,0.3333333333333333,-1.5,0.7490157480314961,869,0.5,0,0,0,1,0.4583333333333333,-0.864259831,True,False,True,False,False,False,3
08/03/2015,2,-0.166666667,-2.5,0.5688976377952756,711,0.5652173913043478,0.46,0,0,1,0.5208333333333334,-1.366870454,True,False,True,False,False,False,3
08/03/2015,2,0.3333333333333333,-1.5,-0.559055118,,-0.543478261,0,0,0,0,-0.541666667,-1.612419501,False,False,True,False,False,False,3
08/03/2015,2,0.6666666666666666,-0.5,-0.608267717,,-0.543478261,0,0,0,0,-0.541666667,-1.661912182,False,False,True,False,False,False,3
08/03/2015,2,0,-1.5,-0.608267717,,-0.543478261,0,0,0,0,-0.541666667,-2.507976568,False,False,True,False,False,False,3
09/03/2015,2,0.8333333333333334,0.5,-0.608267717,,-0.717391304,19.2,0,0,0,-0.541666667,0.9367141422651112,False,False,False,False,False,False,3
09/03/2015,2,1,0.5,-0.524606299,,-0.717391304,21.6,0,0,0,-0.520833333,0.6483252011291766,False,False,False,False,False,False,3
09/03/2015,2,-0.166666667,-1.5,-0.557086614,,-0.717391304,57.6,0,0,0,-0.458333333,0.45517060253984803,False,False,False,False,False,False,3
09/03/2015,2,-0.333333333,0,0.5688976377952756,1079,0.5543478260869565,1.3,0,0,0,0.5,0.3856694274639464,True,False,False,False,False,False,3
09/03/2015,2,-0.833333333,0,0.5688976377952756,1322,0.5760869565217391,1.3,0,0,0,0.5208333333333334,0.38557308615409813,True,False,False,False,False,False,3
09/03/2015,2,0.5,0,-0.608267717,,-0.717391304,72,0,0,0,-0.395833333,0.33842575568962135,False,False,False,False,False,False,3
09/03/2015,2,-0.5,0.5,0.7303149606299213,964,0.21739130434782608,1,0,0,1,0.5,0.13758302754899385,True,False,False,False,False,False,3
09/03/2015,2,1,0.5,0,1132,0.021739130434782608,1.26,0,0,0,0,0.13538011095450103,True,False,False,False,False,False,3
09/03/2015,2,0.8333333333333334,0.5,-0.189468504,357,-0.097826087,1,0,0,0,0.5,0.1335423190719156,True,False,False,False,False,False,3
09/03/2015,2,-0.5,0.5,-0.524606299,,-0.717391304,28.8,0,0,0,-0.458333333,0.11044683192533081,False,False,False,False,False,False,3
09/03/2015,2,-0.333333333,0,-0.557086614,,-0.717391304,19.2,0,0,0,-0.541666667,0.1103009570883716,False,False,False,False,False,False,3
09/03/2015,2,-0.833333333,0,-0.557086614,,-0.717391304,19.2,0,0,0,-0.541666667,0.10619567097578701,False,False,False,False,False,False,3
09/03/2015,2,0.5,0,0.17372047244094485,1193,0.41304347826086957,0.9,0,0,0,0.375,-0.114720429,True,False,False,False,False,False,3
09/03/2015,2,-0.666666667,-0.5,0.041338582677165434,817,0.2826086956521739,0.6,0,0,1,0.22916666666666666,-0.364185,True,False,False,False,False,False,3
09/03/2015,2,0.6666666666666666,-0.5,0.3228346456692914,1576,0.3695652173913043,0.6,0,0,0,0.3333333333333333,-0.364656249,True,False,False,False,False,False,3
09/03/2015,2,-0.666666667,-0.5,-0.559055118,,-0.717391304,24,0,0,0,-0.5,-0.454290727,False,False,False,False,False,False,3
09/03/2015,2,0,-1,0.40108267716535434,1262,0.10869565217391304,0.7,0,0,1,0.083333333,-0.612022397,True,False,False,False,False,False,3
09/03/2015,2,0.3333333333333333,-1,0.7490157480314961,953,0.5,0.52,0,0,1,0.4583333333333333,-0.614727396,True,False,False,False,False,False,3
09/03/2015,2,-0.166666667,-1.5,0.5688976377952756,919,0.5652173913043478,0.46,0,0,1,0.5208333333333334,-0.866699962,True,False,False,False,False,False,3
09/03/2015,2,0.16666666666666666,-2.5,0.7490157480314961,1161,0.4782608695652174,0,0,0,1,0.4375,-1.363984611,True,False,False,False,False,False,3
09/03/2015,2,0.6666666666666666,-0.5,-0.608267717,,-0.717391304,19.2,0,0,0,-0.541666667,-1.480612671,False,False,False,False,False,False,3
09/03/2015,2,0.3333333333333333,-1,-0.559055118,,-0.717391304,19.2,0,0,0,-0.541666667,-2.547049739,False,False,False,False,False,False,3
10/03/2015,2,1,0.5,-0.524606299,,-0.52173913,0,0,0,0,-0.520833333,0.7335336557060371,False,False,False,False,True,False,3
10/03/2015,2,-0.166666667,-1.5,-0.557086614,,-0.456521739,0,0,0,0,-0.458333333,0.6804775016009121,False,False,False,False,True,False,3
10/03/2015,2,-0.833333333,0,0.5688976377952756,1574,0.5652173913043478,1.5,0,0,0,0.5208333333333334,0.6338115075846062,True,False,False,False,True,False,3
10/03/2015,2,-0.5,0.5,-0.524606299,,-0.456521739,0,0,0,0,-0.458333333,0.6057209713400635,False,False,False,False,True,False,3
10/03/2015,2,-0.333333333,0,-0.557086614,,-0.543478261,0,0,0,0,-0.541666667,0.5413561739575462,False,False,False,False,True,False,3
10/03/2015,2,-0.833333333,0,-0.557086614,,-0.543478261,0,0,0,0,-0.541666667,0.5372508878449617,False,False,False,False,True,False,3
10/03/2015,2,-0.333333333,0,0.5688976377952756,1104,0.34782608695652173,1.3,0,0,0,0.5208333333333334,0.3838592181138748,True,False,False,False,True,False,3
10/03/2015,2,0.5,0,-0.608267717,,-0.391304348,0,0,0,0,-0.395833333,0.24173268477888657,False,False,False,False,True,False,3
10/03/2015,2,1,0.5,0,1069,0.021739130434782608,1.26,0,0,0,0,0.13538011095450103,True,False,False,False,True,False,3
10/03/2015,2,-0.5,0.5,0.7303149606299213,756,0.5434782608695652,1.26,0,0,1,0.5,0.13372905006628286,True,False,False,False,True,False,3
10/03/2015,2,0.8333333333333334,0.5,-0.189468504,338,-0.097826087,1,0,0,0,0.5,0.1335423190719156,True,False,False,False,True,False,3
10/03/2015,2,0.8333333333333334,0.5,-0.608267717,,-0.543478261,0,0,0,0,-0.541666667,-0.07554146,False,False,False,False,True,False,3
10/03/2015,2,0.6666666666666666,0,0.3228346456692914,1499,0.3695652173913043,0.68,0,0,0,0.3333333333333333,-0.113657704,True,False,False,False,True,False,3
10/03/2015,2,0.5,0,0.17372047244094485,1247,0.41304347826086957,0.9,0,0,0,0.375,-0.114720429,True,False,False,False,True,False,3
10/03/2015,2,-0.666666667,-0.5,-0.559055118,,-0.543478261,0,0,0,0,-0.541666667,-0.161710827,False,False,False,False,True,False,3
10/03/2015,2,0.3333333333333333,-0.5,0.7490157480314961,923,0.5217391304347826,0.6,0,0,1,0.4791666666666667,-0.36423982,True,False,False,False,True,False,3
10/03/2015,2,0,-0.5,0.40108267716535434,1180,0.10869565217391304,0.6,0,0,1,0.083333333,-0.365534034,True,False,False,False,True,False,3
10/03/2015,2,-0.666666667,-0.5,0.041338582677165434,957,0.2608695652173913,0.8,0,0,1,0.22916666666666666,-0.366507495,True,False,False,False,True,False,3
10/03/2015,2,-0.166666667,-1,0.5688976377952756,1001,0.5652173913043478,0.52,0,0,1,0.5208333333333334,-0.616614716,True,False,False,False,True,False,3
10/03/2015,2,0.16666666666666666,-1.5,0.7490157480314961,1017,0.5217391304347826,0.5,0,0,1,0.4791666666666667,-0.714847263,True,False,False,False,True,False,3
10/03/2015,2,0.3333333333333333,-1,-0.559055118,,-0.543478261,0,0,0,0,-0.541666667,-1.063832187,False,False,False,False,True,False,3
10/03/2015,2,0.16666666666666666,-2.5,-0.559055118,,-0.543478261,0,0,0,0,-0.541666667,-1.063832187,False,False,False,False,True,False,3
10/03/2015,2,0.6666666666666666,-0.5,-0.608267717,,-0.543478261,0,0,0,0,-0.541666667,-1.87342828,False,False,False,False,True,False,3
11/03/2015,2,1,0.5,-0.524606299,,-0.326086957,0,0,0,0,-0.520833333,0.7477350639686192,False,False,False,False,False,True,3
11/03/2015,2,0.8333333333333334,0.5,-0.608267717,,-0.282608696,0,0,0,0,-0.5,0.5036097557882083,False,False,False,False,False,True,3
11/03/2015,2,-0.666666667,0,-0.559055118,,-0.369565217,0,0,0,0,-0.541666667,0.22975024249372297,False,False,False,False,False,True,3
11/03/2015,2,-0.333333333,0,-0.557086614,,-0.369565217,0,0,0,0,-0.541666667,0.19993307472337665,False,False,False,False,False,True,3
11/03/2015,2,-0.833333333,0,-0.557086614,,-0.369565217,0,0,0,0,-0.541666667,0.19651200046220665,False,False,False,False,False,True,3
11/03/2015,2,1,0.5,0,470,0.021739130434782608,1.26,0,0,0,0,0.13538011095450103,True,False,False,False,False,True,3
11/03/2015,2,-0.5,0.5,0.7303149606299213,735,0.5434782608695652,1.26,0,0,1,0.5,0.13372905006628286,True,False,False,False,False,True,3
11/03/2015,2,0.8333333333333334,0.5,-0.189468504,560,-0.097826087,1,0,0,0,0.5,0.1335423190719156,True,False,False,False,False,True,3
11/03/2015,2,-0.5,0.5,-0.524606299,,-0.369565217,0,0,0,0,-0.541666667,0.066511219,False,False,False,False,False,True,3
11/03/2015,2,-0.166666667,-0.5,-0.557086614,,-0.456521739,0,0,0,0,-0.458333333,-0.072436447,False,False,False,False,False,True,3
11/03/2015,2,0.6666666666666666,0,0.3228346456692914,1674,0.3695652173913043,0.68,0,0,0,0.3333333333333333,-0.113657704,True,False,False,False,False,True,3
11/03/2015,2,0.5,0,0.17372047244094485,290,0.1956521739130435,0.9,0,0,0,0.375,-0.114961395,True,False,False,False,False,True,3
11/03/2015,2,-0.666666667,0,0.041338582677165434,971,0.2608695652173913,0.9,0,0,1,0.22916666666666666,-0.115994637,True,False,False,False,False,True,3
11/03/2015,2,-0.833333333,0,0.5688976377952756,1322,0.5652173913043478,0.9,0,0,0,0.5208333333333334,-0.11644423,True,False,False,False,False,True,3
11/03/2015,2,-0.333333333,0,0.5688976377952756,1054,0.5652173913043478,0.9,0,0,0,0.5208333333333334,-0.11644423,True,False,False,False,False,True,3
11/03/2015,2,-0.166666667,-0.5,0.5688976377952756,992,0.5434782608695652,0.6,0,0,1,0.5,-0.36398158,True,False,False,False,False,True,3
11/03/2015,2,0.3333333333333333,-0.5,0.7490157480314961,914,0.5217391304347826,0.6,0,0,1,0.4791666666666667,-0.36423982,True,False,False,False,False,True,3
11/03/2015,2,0,-0.5,0.40108267716535434,1128,0.10869565217391304,0.8,0,0,1,0.083333333,-0.365534034,True,False,False,False,False,True,3
11/03/2015,2,0.16666666666666666,-1,0.7490157480314961,935,0.5217391304347826,0.52,0,0,1,0.4791666666666667,-0.613851847,True,False,False,False,False,True,3
11/03/2015,2,0.6666666666666666,0,-0.608267717,,-0.543478261,0,0,0,0,-0.541666667,-0.725198044,False,False,False,False,False,True,3
11/03/2015,2,0.3333333333333333,-0.5,-0.559055118,,-0.543478261,0,0,0,0,-0.541666667,-0.738743408,False,False,False,False,False,True,3
11/03/2015,2,0.16666666666666666,-1,-0.559055118,,-0.543478261,0,0,0,0,-0.541666667,-0.738743408,False,False,False,False,False,True,3
11/03/2015,2,0.5,0,-0.608267717,,-0.391304348,0,0,0,0,-0.395833333,-1.337587502,False,False,False,False,False,True,3
11/03/2015,2,0,-0.5,-0.608267717,,-0.586956522,0,0,0,0,-0.583333333,-1.893572671,False,False,False,False,False,True,3
